-- CARRERS
DROP TABLE IF EXISTS `CARRERS`;

CREATE TABLE `CARRERS` (
  `ID` bigint(20) NOT NULL AUTO_INCREMENT,
  `CREATED_AT` datetime NOT NULL,
  `CREATED_BY` bigint(20) NOT NULL,
  `LIFE_CYCLE_STATUS` varchar(100) NOT NULL,
  `UPDATED_AT` datetime DEFAULT NULL,
  `UPDATED_BY` bigint(20) DEFAULT NULL,
  `CARRER_TYPE` varchar(50) NOT NULL,
  `POSITION` varchar(80) NOT NULL,
  PRIMARY KEY (`ID`)
) ENGINE=InnoDB AUTO_INCREMENT=90 DEFAULT CHARSET=latin1;

INSERT INTO `CARRERS` VALUES (1,NOW(),1,'ACTIVE',NULL,NULL,'HEALTH_TECHNICAL_ASSISTANT','Agente de administração hospitalar'),
							 (2,NOW(),1,'ACTIVE',NULL,NULL,'HEALTH_TECHNICAL_ASSISTANT','Enfermeiro'),
							 (3,NOW(),1,'ACTIVE',NULL,NULL,'HEALTH_TECHNICAL_ASSISTANT','Enfermeiro de saúde materno-infantil'),
							 (4,NOW(),1,'ACTIVE',NULL,NULL,'HEALTH_TECHNICAL_ASSISTANT','Agente de farmácia'),
							 (5,NOW(),1,'ACTIVE',NULL,NULL,'HEALTH_TECHNICAL_ASSISTANT','Agente de laboratório'),
							 (6,NOW(),1,'ACTIVE',NULL,NULL,'HEALTH_TECHNICAL_ASSISTANT','Agente de medicina'),
							 (7,NOW(),1,'ACTIVE',NULL,NULL,'HEALTH_TECHNICAL_ASSISTANT','Agente de medicina física e reabilitação'),
							 (8,NOW(),1,'ACTIVE',NULL,NULL,'HEALTH_TECHNICAL_ASSISTANT','Agente de medicina preventiva'),
							 (9,NOW(),1,'ACTIVE',NULL,NULL,'HEALTH_TECHNICAL_ASSISTANT','Agente de nutrição'),
							 (10,NOW(),1,'ACTIVE',NULL,NULL,'HEALTH_TECHNICAL_ASSISTANT','Agente de Estomatologia'),
							 (11,NOW(),1,'ACTIVE',NULL,NULL,'HEALTH_TECHNICAL_ASSISTANT','Agente De Ortoprotesia'),
							 (12,NOW(),1,'ACTIVE',NULL,NULL,'HEALTH_TECHNICAL_ASSISTANT','Agente de electromedicina'),
							 (13,NOW(),1,'ACTIVE',NULL,NULL,'HEALTH_TECHNICAL_ASSISTANT','Agente de Radiologia'),
							 (14,NOW(),1,'ACTIVE',NULL,NULL,'ADMINISTRATIVE_ASSISTANT','Auxiliar técnico de laboratório'),
							 (15,NOW(),1,'ACTIVE',NULL,NULL,'HEALTH_TECHNICIAN_AUXILIARY','Enfermeiro elementar '),
							 (16,NOW(),1,'ACTIVE',NULL,NULL,'HEALTH_TECHNICIAN_AUXILIARY','Parteira elementar'),
							 (17,NOW(),1,'ACTIVE',NULL,NULL,'HEALTH_TECHNICIAN_AUXILIARY','Auxiliar de farmácia '),
							 (18,NOW(),1,'ACTIVE',NULL,NULL,'HEALTH_TECHNICIAN_AUXILIARY','Microscopista'),
							 (19,NOW(),1,'ACTIVE',NULL,NULL,'HEALTH_TECHNICIAN_AUXILIARY','Auxiliar de reabilitação'),
							 (20,NOW(),1,'ACTIVE',NULL,NULL,'HEALTH_TECHNICIAN_AUXILIARY','Auxiliar técnico de odontoestomatologia'),
							 (21,NOW(),1,'ACTIVE',NULL,NULL,'HEALTH_TECHNICIAN_AUXILIARY','Auxiliar Oculista'),
							 (22,NOW(),1,'ACTIVE',NULL,NULL,'HEALTH_TECHNICIAN_AUXILIARY','Auxiliar técnico de electromedicina'),
							 (23,NOW(),1,'ACTIVE',NULL,NULL,'HEALTH_SPECIALIST','Especialista de Saúde'),
							 (24,NOW(),1,'ACTIVE',NULL,NULL,'MEDICAL_PUBLIC_HEALTH','Médico de Saúde Pública Assistente'),
							 (25,NOW(),1,'ACTIVE',NULL,NULL,'MEDICAL_GENERALIST','Médica Generalista Principal'),
							 (26,NOW(),1,'ACTIVE',NULL,NULL,'MEDICAL_HOSPITAL','Médica Hospitalar Assistente'),
							 (27,NOW(),1,'ACTIVE',NULL,NULL,'HEALTH_TECHNICIAN','Técnico de administração hospitalar '),
							 (28,NOW(),1,'ACTIVE',NULL,NULL,'HEALTH_TECHNICIAN','Técnico de anestesiologia'),
							 (29,NOW(),1,'ACTIVE',NULL,NULL,'HEALTH_TECHNICIAN','Enfermeiro'),
							 (30,NOW(),1,'ACTIVE',NULL,NULL,'HEALTH_TECHNICIAN','Enfermeiro de saúde materno infantil'),
							 (31,NOW(),1,'ACTIVE',NULL,NULL,'HEALTH_TECHNICIAN','Técnico de estatística sanitária'),
							 (32,NOW(),1,'ACTIVE',NULL,NULL,'HEALTH_TECHNICIAN','Técnico de farmácia'),
							 (33,NOW(),1,'ACTIVE',NULL,NULL,'HEALTH_TECHNICIAN','Técnico de instrumentação'),
							 (34,NOW(),1,'ACTIVE',NULL,NULL,'HEALTH_TECHNICIAN','Técnico de laboratório'),
							 (35,NOW(),1,'ACTIVE',NULL,NULL,'HEALTH_TECHNICIAN','Técnico de medicina'),
							 (36,NOW(),1,'ACTIVE',NULL,NULL,'HEALTH_TECHNICIAN','Técnico de medicina física e reabilitação'),
							 (37,NOW(),1,'ACTIVE',NULL,NULL,'HEALTH_TECHNICIAN','Técnico de medicina preventiva '),
							 (38,NOW(),1,'ACTIVE',NULL,NULL,'HEALTH_TECHNICIAN','Técnico de nutrição'),
							 (39,NOW(),1,'ACTIVE',NULL,NULL,'HEALTH_TECHNICIAN','Técnico de odontoestomatologia'),
							 (40,NOW(),1,'ACTIVE',NULL,NULL,'HEALTH_TECHNICIAN','Técnico de oftalmologia'),
							 (41,NOW(),1,'ACTIVE',NULL,NULL,'HEALTH_TECHNICIAN','Técnico de prótese'),
							 (42,NOW(),1,'ACTIVE',NULL,NULL,'HEALTH_TECHNICIAN','Técnico de otorrinolaringologia'),
							 (43,NOW(),1,'ACTIVE',NULL,NULL,'HEALTH_TECHNICIAN','Técnico de electromedicina'),
							 (44,NOW(),1,'ACTIVE',NULL,NULL,'HEALTH_TECHNICIAN','Técnico de psiquiatria e saúde mental'),
							 (45,NOW(),1,'ACTIVE',NULL,NULL,'HEALTH_TECHNICIAN','Técnico de radiologia'),
							 (46,NOW(),1,'ACTIVE',NULL,NULL,'HEALTH_TECHNICIAL_SPECIALIST','Técnico de administração hospitalar'),
							 (47,NOW(),1,'ACTIVE',NULL,NULL,'HEALTH_TECHNICIAL_SPECIALIST','Técnico de anestesiologia'),
							 (48,NOW(),1,'ACTIVE',NULL,NULL,'HEALTH_TECHNICIAL_SPECIALIST','Técnico de cirurgia'),
							 (49,NOW(),1,'ACTIVE',NULL,NULL,'HEALTH_TECHNICIAL_SPECIALIST','Enfermeiro geral'),
							 (50,NOW(),1,'ACTIVE',NULL,NULL,'HEALTH_TECHNICIAL_SPECIALIST','Enfermeiro de saúde materno infantil'),
							 (51,NOW(),1,'ACTIVE',NULL,NULL,'HEALTH_TECHNICIAL_SPECIALIST','Técnico de farmácia'),
							 (52,NOW(),1,'ACTIVE',NULL,NULL,'HEALTH_TECHNICIAL_SPECIALIST','Técnico de instrumentação'),
							 (53,NOW(),1,'ACTIVE',NULL,NULL,'HEALTH_TECHNICIAL_SPECIALIST','Técnico de laboratório'),
							 (54,NOW(),1,'ACTIVE',NULL,NULL,'HEALTH_TECHNICIAL_SPECIALIST','Técnico de medicina'),
							 (55,NOW(),1,'ACTIVE',NULL,NULL,'HEALTH_TECHNICIAL_SPECIALIST','Técnico de medicina física e reabilitação'),
							 (56,NOW(),1,'ACTIVE',NULL,NULL,'HEALTH_TECHNICIAL_SPECIALIST','Técnico de medicina preventiva'),
							 (57,NOW(),1,'ACTIVE',NULL,NULL,'HEALTH_TECHNICIAL_SPECIALIST','Técnico de odontoestomatologia'),
							 (58,NOW(),1,'ACTIVE',NULL,NULL,'HEALTH_TECHNICIAL_SPECIALIST','Técnico de oftalmologia'),
							 (59,NOW(),1,'ACTIVE',NULL,NULL,'HEALTH_TECHNICIAL_SPECIALIST','Técnico de psiquiatria e saúde mental'),
							 (60,NOW(),1,'ACTIVE',NULL,NULL,'HEALTH_TECHNICIAL_SPECIALIST','Técnico de radiologia'),
							 (61,NOW(),1,'ACTIVE',NULL,NULL,'HEALTH_ASSOCIATE_DEGREE_N1','Técnico de administração hospitalar A'),
							 (62,NOW(),1,'ACTIVE',NULL,NULL,'HEALTH_ASSOCIATE_DEGREE_N1','Anestesita A'),
							 (63,NOW(),1,'ACTIVE',NULL,NULL,'HEALTH_ASSOCIATE_DEGREE_N1','Técnico de cirurgia A'),
							 (64,NOW(),1,'ACTIVE',NULL,NULL,'HEALTH_ASSOCIATE_DEGREE_N1','Enfermeiro A'),
							 (65,NOW(),1,'ACTIVE',NULL,NULL,'HEALTH_ASSOCIATE_DEGREE_N1','Enfermeiro de SMI A'),
							 (66,NOW(),1,'ACTIVE',NULL,NULL,'HEALTH_ASSOCIATE_DEGREE_N1','Farmacéutico A'),
							 (67,NOW(),1,'ACTIVE',NULL,NULL,'HEALTH_ASSOCIATE_DEGREE_N1','Técnico de laboratório A '),
							 (68,NOW(),1,'ACTIVE',NULL,NULL,'HEALTH_ASSOCIATE_DEGREE_N1','Fisioterapeuta A '),
							 (69,NOW(),1,'ACTIVE',NULL,NULL,'HEALTH_ASSOCIATE_DEGREE_N1','Técnico de saude publica A'),
							 (70,NOW(),1,'ACTIVE',NULL,NULL,'HEALTH_ASSOCIATE_DEGREE_N1','Nutricionista A'),
							 (71,NOW(),1,'ACTIVE',NULL,NULL,'HEALTH_ASSOCIATE_DEGREE_N1','Odontoestomatologista A'),
							 (72,NOW(),1,'ACTIVE',NULL,NULL,'HEALTH_ASSOCIATE_DEGREE_N1','Técnico de prótese A'),
							 (73,NOW(),1,'ACTIVE',NULL,NULL,'HEALTH_ASSOCIATE_DEGREE_N1','Psicologo clinico A'),
							 (74,NOW(),1,'ACTIVE',NULL,NULL,'HEALTH_ASSOCIATE_DEGREE_N1','Técnico de Radiologia A'),
							 (75,NOW(),1,'ACTIVE',NULL,NULL,'HEALTH_ASSOCIATE_DEGREE_N2','Anestesita B'),
							 (76,NOW(),1,'ACTIVE',NULL,NULL,'HEALTH_ASSOCIATE_DEGREE_N2','Técnico de cirurgia B'),
							 (77,NOW(),1,'ACTIVE',NULL,NULL,'HEALTH_ASSOCIATE_DEGREE_N2','Enfermeiro B'),
							 (78,NOW(),1,'ACTIVE',NULL,NULL,'HEALTH_ASSOCIATE_DEGREE_N2','Enfermeiro de SMI B'),
							 (79,NOW(),1,'ACTIVE',NULL,NULL,'HEALTH_ASSOCIATE_DEGREE_N2','Farmacéutico B'),
							 (80,NOW(),1,'ACTIVE',NULL,NULL,'HEALTH_ASSOCIATE_DEGREE_N2','Técnico de instrumentação B'),
							 (81,NOW(),1,'ACTIVE',NULL,NULL,'HEALTH_ASSOCIATE_DEGREE_N2','Tecnico De Laboratorio B'),
							 (82,NOW(),1,'ACTIVE',NULL,NULL,'HEALTH_ASSOCIATE_DEGREE_N2','Técnico de medicina B'),
							 (83,NOW(),1,'ACTIVE',NULL,NULL,'HEALTH_ASSOCIATE_DEGREE_N2','Fisioterapeuta B'),
							 (84,NOW(),1,'ACTIVE',NULL,NULL,'HEALTH_ASSOCIATE_DEGREE_N2','Técnico de medicina preventiva B '),
							 (85,NOW(),1,'ACTIVE',NULL,NULL,'HEALTH_ASSOCIATE_DEGREE_N2','Técnico de nutrição B'),
							 (86,NOW(),1,'ACTIVE',NULL,NULL,'HEALTH_ASSOCIATE_DEGREE_N2','Odontoestomatologista B'),
							 (87,NOW(),1,'ACTIVE',NULL,NULL,'HEALTH_ASSOCIATE_DEGREE_N2','Técnico de prótese B'),
							 (88,NOW(),1,'ACTIVE',NULL,NULL,'HEALTH_ASSOCIATE_DEGREE_N2','Psicologo clinico A'),
							 (89,NOW(),1,'ACTIVE',NULL,NULL,'HEALTH_ASSOCIATE_DEGREE_N2','Técnico de radiologia A');

-- DISTRICTS
DROP TABLE IF EXISTS `DISTRICTS`;

CREATE TABLE `DISTRICTS` (
  `ID` bigint(20) NOT NULL AUTO_INCREMENT,
  `CREATED_AT` datetime NOT NULL,
  `CREATED_BY` bigint(20) NOT NULL,
  `LIFE_CYCLE_STATUS` varchar(100) NOT NULL,
  `UPDATED_AT` datetime DEFAULT NULL,
  `UPDATED_BY` bigint(20) DEFAULT NULL,
  `DISTRICT` varchar(50) NOT NULL,
  `PROVINCE` varchar(30) NOT NULL,
  PRIMARY KEY (`ID`)
) ENGINE=InnoDB AUTO_INCREMENT=15 DEFAULT CHARSET=latin1;

INSERT INTO `DISTRICTS` VALUES (1,NOW(),1,'ACTIVE',NULL,NULL,'Alto Molocué','ZAMBEZIA'),
							   (2,NOW(),1,'ACTIVE',NULL,NULL,'Chinde','ZAMBEZIA'),
							   (3,NOW(),1,'ACTIVE',NULL,NULL,'Derre','ZAMBEZIA'),
							   (4,NOW(),1,'ACTIVE',NULL,NULL,'Gilé','ZAMBEZIA'),
							   (5,NOW(),1,'ACTIVE',NULL,NULL,'Ile','ZAMBEZIA'),
							   (6,NOW(),1,'ACTIVE',NULL,NULL,'Inhassunge','ZAMBEZIA'),
							   (7,NOW(),1,'ACTIVE',NULL,NULL,'Luabo','ZAMBEZIA'),
							   (8,NOW(),1,'ACTIVE',NULL,NULL,'Maganja da Costa','ZAMBEZIA'),
							   (9,NOW(),1,'ACTIVE',NULL,NULL,'Mocubela','ZAMBEZIA'),
							   (10,NOW(),1,'ACTIVE',NULL,NULL,'Mopeia','ZAMBEZIA'),
							   (11,NOW(),1,'ACTIVE',NULL,NULL,'Morrumbala','ZAMBEZIA'),
							   (12,NOW(),1,'ACTIVE',NULL,NULL,'Mulevala','ZAMBEZIA'),
							   (13,NOW(),1,'ACTIVE',NULL,NULL,'Namacurra','ZAMBEZIA'),
							   (14,NOW(),1,'ACTIVE',NULL,NULL,'Pebane','ZAMBEZIA');
-- HEALTH FACILITY
DROP TABLE IF EXISTS `HEALTH_FACILITIES`;

CREATE TABLE `HEALTH_FACILITIES` (
  `ID` bigint(20) NOT NULL AUTO_INCREMENT,
  `CREATED_AT` datetime NOT NULL,
  `CREATED_BY` bigint(20) NOT NULL,
  `LIFE_CYCLE_STATUS` varchar(100) NOT NULL,
  `UPDATED_AT` datetime DEFAULT NULL,
  `UPDATED_BY` bigint(20) DEFAULT NULL,
  `HEALTH_FACILITY` varchar(80) NOT NULL,
  `DISTRICT_ID` bigint(20) NOT NULL,
  PRIMARY KEY (`ID`),
  KEY `FK_kw7nq3kpv3uvclaxlw24wqfg2` (`DISTRICT_ID`),
  CONSTRAINT `FK_kw7nq3kpv3uvclaxlw24wqfg2` FOREIGN KEY (`DISTRICT_ID`) REFERENCES `DISTRICTS` (`ID`)
) ENGINE=InnoDB AUTO_INCREMENT=115 DEFAULT CHARSET=latin1;

INSERT INTO `HEALTH_FACILITIES` VALUES (1,NOW(),1,'ACTIVE',NULL,NULL,'CS B.Gruveta',1),
									   (2,NOW(),1,'ACTIVE',NULL,NULL,'CS Caiaia',1),
									   (3,NOW(),1,'ACTIVE',NULL,NULL,'CS Chapala',1),
									   (4,NOW(),1,'ACTIVE',NULL,NULL,'CS Cololo',1),
									   (5,NOW(),1,'ACTIVE',NULL,NULL,'CS Ecole',1),
									   (6,NOW(),1,'ACTIVE',NULL,NULL,'CS Malua',1),
									   (7,NOW(),1,'ACTIVE',NULL,NULL,'CS Moiua',1),
									   (8,NOW(),1,'ACTIVE',NULL,NULL,'CS Mugema',1),
									   (9,NOW(),1,'ACTIVE',NULL,NULL,'CS Mutala',1),
									   (10,NOW(),1,'ACTIVE',NULL,NULL,'CS Nacuacua',1),
									   (11,NOW(),1,'ACTIVE',NULL,NULL,'CS Nauela',1),
									   (12,NOW(),1,'ACTIVE',NULL,NULL,'CS Nimala',1),
									   (13,NOW(),1,'ACTIVE',NULL,NULL,'CS Nivava',1),
									   (14,NOW(),1,'ACTIVE',NULL,NULL,'CS Novanana',1),
									   (15,NOW(),1,'ACTIVE',NULL,NULL,'HR Alto Molocué',1),
									   (16,NOW(),1,'ACTIVE',NULL,NULL,'CS Chinde',2),
									   (17,NOW(),1,'ACTIVE',NULL,NULL,'CS Jorge',2),
									   (18,NOW(),1,'ACTIVE',NULL,NULL,'CS Madal',2),
									   (19,NOW(),1,'ACTIVE',NULL,NULL,'CS Matilde',2),
									   (20,NOW(),1,'ACTIVE',NULL,NULL,'CS Micaune',2),
									   (21,NOW(),1,'ACTIVE',NULL,NULL,'CS Derre',3),
									   (22,NOW(),1,'ACTIVE',NULL,NULL,'CS Guerissa',3),
									   (23,NOW(),1,'ACTIVE',NULL,NULL,'CS Machindo',3),
									   (24,NOW(),1,'ACTIVE',NULL,NULL,'CS Alto Ligonha',4),
									   (25,NOW(),1,'ACTIVE',NULL,NULL,'CS Kaiane',4),
									   (26,NOW(),1,'ACTIVE',NULL,NULL,'CS Mamala',4),
									   (27,NOW(),1,'ACTIVE',NULL,NULL,'CS Moneia',4),
									   (28,NOW(),1,'ACTIVE',NULL,NULL,'CS Muiane',4),
									   (29,NOW(),1,'ACTIVE',NULL,NULL,'CS Namuaca',4),
									   (30,NOW(),1,'ACTIVE',NULL,NULL,'CS Pury',4),
									   (31,NOW(),1,'ACTIVE',NULL,NULL,'CS Uape',4),
									   (32,NOW(),1,'ACTIVE',NULL,NULL,'HD Gilé',4),
									   (33,NOW(),1,'ACTIVE',NULL,NULL,'CS Ile',5),
									   (34,NOW(),1,'ACTIVE',NULL,NULL,'CS Mugulama',5),
									   (35,NOW(),1,'ACTIVE',NULL,NULL,'CS Mulequela',5),
									   (36,NOW(),1,'ACTIVE',NULL,NULL,'CS Niboia',5),
									   (37,NOW(),1,'ACTIVE',NULL,NULL,'CS Socone',5),
									   (38,NOW(),1,'ACTIVE',NULL,NULL,'CS Bingagira',6),
									   (39,NOW(),1,'ACTIVE',NULL,NULL,'CS Cherimane',6),
									   (40,NOW(),1,'ACTIVE',NULL,NULL,'CS Gonhane',6),
									   (41,NOW(),1,'ACTIVE',NULL,NULL,'CS Ilova',6),
									   (42,NOW(),1,'ACTIVE',NULL,NULL,'CS Inhassunge',6),
									   (43,NOW(),1,'ACTIVE',NULL,NULL,'CS Olinda',6),
									   (44,NOW(),1,'ACTIVE',NULL,NULL,'CS Palane-Mucula',6),
									   (45,NOW(),1,'ACTIVE',NULL,NULL,'CS Ilha Salía',7),
									   (46,NOW(),1,'ACTIVE',NULL,NULL,'CS Luabo',7),
									   (47,NOW(),1,'ACTIVE',NULL,NULL,'CS Marcação',7),
									   (48,NOW(),1,'ACTIVE',NULL,NULL,'CS Socovinho',7),
									   (49,NOW(),1,'ACTIVE',NULL,NULL,'CS Alto Mutola',8),
									   (50,NOW(),1,'ACTIVE',NULL,NULL,'CS Cabuir',8),
									   (51,NOW(),1,'ACTIVE',NULL,NULL,'CS Cariua',8),
									   (52,NOW(),1,'ACTIVE',NULL,NULL,'CS Mabala',8),
									   (53,NOW(),1,'ACTIVE',NULL,NULL,'CS Maganja da Costa',8),
									   (54,NOW(),1,'ACTIVE',NULL,NULL,'CS Mapira',8),
									   (55,NOW(),1,'ACTIVE',NULL,NULL,'CS Muzo',8),
									   (56,NOW(),1,'ACTIVE',NULL,NULL,'CS Nante',8),
									   (57,NOW(),1,'ACTIVE',NULL,NULL,'CS Gurai',9),
									   (58,NOW(),1,'ACTIVE',NULL,NULL,'CS Maneia',9),
									   (59,NOW(),1,'ACTIVE',NULL,NULL,'CS Missal',9),
									   (60,NOW(),1,'ACTIVE',NULL,NULL,'CS Mocubela',9),
									   (61,NOW(),1,'ACTIVE',NULL,NULL,'CS Naico',9),
									   (62,NOW(),1,'ACTIVE',NULL,NULL,'CS Tapata',9),
									   (63,NOW(),1,'ACTIVE',NULL,NULL,'CS Catale',10),
									   (64,NOW(),1,'ACTIVE',NULL,NULL,'CS Chimuara',10),
									   (65,NOW(),1,'ACTIVE',NULL,NULL,'CS Gulamo',10),
									   (66,NOW(),1,'ACTIVE',NULL,NULL,'CS Lua-Lua',10),
									   (67,NOW(),1,'ACTIVE',NULL,NULL,'CS Mopeia',10),
									   (68,NOW(),1,'ACTIVE',NULL,NULL,'CS Noere',10),
									   (69,NOW(),1,'ACTIVE',NULL,NULL,'CS Nzanza',10),
									   (70,NOW(),1,'ACTIVE',NULL,NULL,'CS Posto Campo',10),
									   (71,NOW(),1,'ACTIVE',NULL,NULL,'CS Balicholo',11),
									   (72,NOW(),1,'ACTIVE',NULL,NULL,'CS Boroma',11),
									   (73,NOW(),1,'ACTIVE',NULL,NULL,'CS Chilomo',11),
									   (74,NOW(),1,'ACTIVE',NULL,NULL,'CS Chire',11),
									   (75,NOW(),1,'ACTIVE',NULL,NULL,'CS Cumbapo',11),
									   (76,NOW(),1,'ACTIVE',NULL,NULL,'CS Djasse',11),
									   (77,NOW(),1,'ACTIVE',NULL,NULL,'CS Fabrica',11),
									   (78,NOW(),1,'ACTIVE',NULL,NULL,'CS Gaute',11),
									   (79,NOW(),1,'ACTIVE',NULL,NULL,'CS Goro',11),
									   (80,NOW(),1,'ACTIVE',NULL,NULL,'CS Mecaula',11),
									   (81,NOW(),1,'ACTIVE',NULL,NULL,'CS Megaza',11),
									   (82,NOW(),1,'ACTIVE',NULL,NULL,'CS Mepinha',11),
									   (83,NOW(),1,'ACTIVE',NULL,NULL,'CS Muandiua',11),
									   (84,NOW(),1,'ACTIVE',NULL,NULL,'CS Muera',11),
									   (85,NOW(),1,'ACTIVE',NULL,NULL,'CS Mureremba',11),
									   (86,NOW(),1,'ACTIVE',NULL,NULL,'CS Pinda',11),
									   (87,NOW(),1,'ACTIVE',NULL,NULL,'CS Reis',11),
									   (88,NOW(),1,'ACTIVE',NULL,NULL,'CS Sabe',11),
									   (89,NOW(),1,'ACTIVE',NULL,NULL,'HR Morrumbala',11),
									   (90,NOW(),1,'ACTIVE',NULL,NULL,'CS Chiraco',12),
									   (91,NOW(),1,'ACTIVE',NULL,NULL,'CS Mulevala',12),
									   (92,NOW(),1,'ACTIVE',NULL,NULL,'CS Tebo',12),
									   (93,NOW(),1,'ACTIVE',NULL,NULL,'CS Furquia',13),
									   (94,NOW(),1,'ACTIVE',NULL,NULL,'CS Macuse',13),
									   (95,NOW(),1,'ACTIVE',NULL,NULL,'CS Malei',13),
									   (96,NOW(),1,'ACTIVE',NULL,NULL,'CS Mbaua',13),
									   (97,NOW(),1,'ACTIVE',NULL,NULL,'CS Mixixine',13),
									   (98,NOW(),1,'ACTIVE',NULL,NULL,'CS Muceliua',13),
									   (99,NOW(),1,'ACTIVE',NULL,NULL,'CS Muebele',13),
									   (100,NOW(),1,'ACTIVE',NULL,NULL,'CS Mugubia',13),
									   (101,NOW(),1,'ACTIVE',NULL,NULL,'CS Namacurra',13),
									   (102,NOW(),1,'ACTIVE',NULL,NULL,'CS 7 Abril',14),
									   (103,NOW(),1,'ACTIVE',NULL,NULL,'CS Alto Maganha',14),
									   (104,NOW(),1,'ACTIVE',NULL,NULL,'CS Impaca',14),
									   (105,NOW(),1,'ACTIVE',NULL,NULL,'CS Magiga',14),
									   (106,NOW(),1,'ACTIVE',NULL,NULL,'CS Malema',14),
									   (107,NOW(),1,'ACTIVE',NULL,NULL,'CS Mihecue',14),
									   (108,NOW(),1,'ACTIVE',NULL,NULL,'CS Mulela',14),
									   (109,NOW(),1,'ACTIVE',NULL,NULL,'CS Muligode',14),
									   (110,NOW(),1,'ACTIVE',NULL,NULL,'CS Naburi',14),
									   (111,NOW(),1,'ACTIVE',NULL,NULL,'CS Pebane',14),
									   (112,NOW(),1,'ACTIVE',NULL,NULL,'CS Pele-Pele',14),
									   (113,NOW(),1,'ACTIVE',NULL,NULL,'CS Tomea',14),
									   (114,NOW(),1,'ACTIVE',NULL,NULL,'CS Txalalane',14);
