-- TO DISABLE CONSTRAINTS CHECK
SET foreign_key_checks = 0;

-- TABLE STRUCTURE FOR TABLE `QUESTIONS`
DROP TABLE IF EXISTS `QUESTIONS`;
CREATE TABLE `QUESTIONS` (
  `ID` bigint(20) NOT NULL AUTO_INCREMENT,
  `CREATED_AT` datetime NOT NULL,
  `CREATED_BY` varchar(50) NOT NULL,
  `LIFE_CYCLE_STATUS` varchar(100) NOT NULL,
  `UPDATED_AT` datetime DEFAULT NULL,
  `UPDATED_BY` varchar(50) DEFAULT NULL,
  `UUID` varchar(50) NOT NULL,
  `CODE` varchar(50) NOT NULL,
  `QUESTION` varchar(255) NOT NULL,
  `QUESTION_CATEGORY` varchar(50) NOT NULL,
  `QUESTION_TYPE` varchar(50) NOT NULL,
  PRIMARY KEY (`ID`),
  UNIQUE KEY `UK_p51wl254sfjbleebgfc8rxyly` (`CODE`)
) ENGINE=InnoDB AUTO_INCREMENT=257 DEFAULT CHARSET=utf8;

-- DUMPING DATA FOR TABLE `QUESTIONS`
LOCK TABLES `QUESTIONS` WRITE;
INSERT INTO `QUESTIONS` VALUES (1,'2017-05-30 10:58:57','f443bbb66fe949558938f3c9a7a32690','ACTIVE',NULL,NULL,'b42d605f601b48d6b57c98fe7010058e','MTQ00000001','COMPARAR OS DADOS RM COM OS RMI E OS REGISTOS DIARIOS','ACCURACY','TEXT'),(2,'2017-05-30 10:59:14','f443bbb66fe949558938f3c9a7a32690','ACTIVE',NULL,NULL,'91d9c08c26be422aa14ac0ca6b21de32','MTQ00000002','VERIFICAR SE AS DESAGREGACOES POR SEXO,IDADE, TIPO DE ACONS. SAO CORRESPONDENTES AO Nº DE ATENDIDOS','ACCURACY','TEXT'),(3,'2017-05-30 10:59:33','f443bbb66fe949558938f3c9a7a32690','ACTIVE',NULL,NULL,'d03f080ba59149d48a31b51cfe3d2330','MTQ00000003','VERIFICAR SE O Nº DE TESTES CORRESPONDE AOS RESULTADOS','ACCURACY','TEXT'),(4,'2017-05-30 10:59:53','f443bbb66fe949558938f3c9a7a32690','ACTIVE',NULL,NULL,'09fec23153004fcf8ce76655d0d68261','MTQ00000004','VERIFICAR SE O Nº DE ATENDIDOS CORRESPONDE A: POSITIVOS + NEGATIVOS+NAO FEITOS+INDETERMINADO','ACCURACY','TEXT'),(5,'2017-05-30 11:00:13','f443bbb66fe949558938f3c9a7a32690','ACTIVE',NULL,NULL,'bad8fb87f6f44ba7a4674dd5460fbdbd','MTQ00000005','VERFICAR SE O NUMERO DE POSITIVOS E IGUAL AOS REFERIDOS AOS SERVICOS TARV','ACCURACY','TEXT'),(6,'2017-05-30 11:00:44','f443bbb66fe949558938f3c9a7a32690','ACTIVE',NULL,NULL,'fba79956a58a4e9d97cccc1958ac73b4','MTQ00000006','REGISTAR NO CABECALHO: MES, ANO, PROVINCIA, DISTRITO, US E SERVICO','RELIABILITY','TEXT'),(7,'2017-05-30 11:01:02','f443bbb66fe949558938f3c9a7a32690','ACTIVE',NULL,NULL,'ac55dea5597945e8b7cf4309a9ebabb2','MTQ00000007','VALIDAR OS RESUMOS MENSAIS(ASSINATURAS DO RESPONSAVEL)','RELIABILITY','TEXT'),(8,'2017-05-30 11:01:21','f443bbb66fe949558938f3c9a7a32690','ACTIVE',NULL,NULL,'d93bc85b4bd9433a9f5f8df176e7e466','MTQ00000008','NAO DEIXAR ESPACOS VAZIOS E ESCREVA SEMPRE UM TRACINHO(-) NO QUADRADINHO SE NAO CONSTE A OPCAO','RELIABILITY','TEXT'),(9,'2017-05-30 11:01:38','f443bbb66fe949558938f3c9a7a32690','ACTIVE',NULL,NULL,'fae7adea91fc49d0870a983bd51c5a90','MTQ00000009','ASSINALE COM X A COLUNA CORRESPONDENTE','RELIABILITY','TEXT'),(10,'2017-05-30 11:01:55','f443bbb66fe949558938f3c9a7a32690','ACTIVE',NULL,NULL,'754c5578d62e40089d7738d49192c2af','MTQ00000010','NO ACONSELHAMENTO A CASAIS MARQUE COM A MESMA LETRA CADA ELEMENTO DO CASAL','RELIABILITY','TEXT'),(11,'2017-05-30 11:02:13','f443bbb66fe949558938f3c9a7a32690','ACTIVE',NULL,NULL,'b3e3cd1b2c2448989a959fc7ce6f538c','MTQ00000011','ARQUIVAR AS COPIAS DE TODOS OS RESUMOS MENSAIS ENVIADOS A DDS','RELIABILITY','TEXT'),(12,'2017-05-30 11:02:37','f443bbb66fe949558938f3c9a7a32690','ACTIVE',NULL,NULL,'803e2df5e7b046b1a80e2b78b02fe936','MTQ00000012','NO FINAL DO DIA FAZER O SOMATORIO DO DIA E PASSAR PARA O RESUMO INTERNO','PUNCTUALITY','TEXT'),(13,'2017-05-30 11:02:54','f443bbb66fe949558938f3c9a7a32690','ACTIVE',NULL,NULL,'08754d1b15a94119aea0fec9c1f5771a','MTQ00000013','NO FINAL DO MES FAZER O SOMATORIO  DOS RI DE CADA SECTOR','PUNCTUALITY','TEXT'),(14,'2017-05-30 11:03:12','f443bbb66fe949558938f3c9a7a32690','ACTIVE',NULL,NULL,'3114c581ccd94310803ee4e70ed0f5f1','MTQ00000014','NO FINAL DO MES AGREGAR O RMI NO RESUMO MENSAL DA UNIDADE SANITARIA','PUNCTUALITY','TEXT'),(15,'2017-05-30 11:03:31','f443bbb66fe949558938f3c9a7a32690','ACTIVE',NULL,NULL,'d27b3f302dbb4144a6457a00e97ea642','MTQ00000015','ENVIAR NO FINAL DE CADA MES O RESUMO MENSAL PARA A DDS','PUNCTUALITY','TEXT'),(16,'2017-05-30 11:04:05','f443bbb66fe949558938f3c9a7a32690','ACTIVE',NULL,NULL,'948954fb166a4c6dbaf271d2eb3874a8','MTQ00000016','CUMPRIR A DATA DE ENVIO DE RELATORIOS','PUNCTUALITY','TEXT'),(17,'2017-05-30 11:04:26','f443bbb66fe949558938f3c9a7a32690','ACTIVE',NULL,NULL,'468e5f3a8b184cfa9e901d01cc759d3f','MTQ00000017','ELABORAR O RELATORIO COMPLETO(PREECHIMENTO DE OS CAMPOS)','TOTALITY','TEXT'),(18,'2017-05-30 11:04:45','f443bbb66fe949558938f3c9a7a32690','ACTIVE',NULL,NULL,'a5427b3cea1342a9955b77cb0c13dce1','MTQ00000018','INCLUIR NO RESUMO MENSAL OS DADOS DE TODOS OS SECTORES QUE FAZEM ATIP NA US','TOTALITY','TEXT'),(19,'2017-05-30 11:05:04','f443bbb66fe949558938f3c9a7a32690','ACTIVE',NULL,NULL,'c48ad52a107b4e37b7d27f79a62bc011','MTQ00000019','OBEDECER OS PERIODOS DE AGREGACAO MENSAL DOS DADOS(21 A 20)','TOTALITY','TEXT'),(20,'2017-05-30 11:05:26','f443bbb66fe949558938f3c9a7a32690','ACTIVE',NULL,NULL,'ea558920458940a9a7aedf18d3677bc6','MTQ00000020','USAR OS INSTRUMENTOS PADRONIZADOS PARA O REGISTO(REGISTO DIARIO)','PRECISION','TEXT'),(21,'2017-05-30 11:05:45','f443bbb66fe949558938f3c9a7a32690','ACTIVE',NULL,NULL,'191936d703204425ad7a03de1c9a8dda','MTQ00000021','USAR INSTRUMENTOS PADRONIZADO PARA COLHEITA DE DADOS(RMI E RM)','PRECISION','TEXT'),(22,'2017-05-30 11:06:19','f443bbb66fe949558938f3c9a7a32690','ACTIVE',NULL,NULL,'b7dcbfd0dda140e58782b672663c4993','MTQ00000022','COMPARAR OS DADOS COM OS DOS PERIODOS ANTERIORES','PRECISION','TEXT'),(23,'2017-05-30 11:10:12','f443bbb66fe949558938f3c9a7a32690','ACTIVE',NULL,NULL,'e95805e91be44021b46233410d08d830','MTQ00000023','ARQUIVAR DEVIDAMENTE OS REGISTOS DIARIOS','CONFIDENTIALITY','TEXT'),(24,'2017-05-30 11:10:38','f443bbb66fe949558938f3c9a7a32690','ACTIVE',NULL,NULL,'6870db7ca9884c0a9c05348be9950d49','MTQ00000024','ARQUIVAR DEVIDAMENTE OS RESUMOS MENSAIS (PASTAS DE ARQUIVO)','CONFIDENTIALITY','TEXT'),(25,'2017-05-30 11:11:10','f443bbb66fe949558938f3c9a7a32690','ACTIVE',NULL,NULL,'b33eebf926b54da7b59afb160f6b09a2','MTQ00000025','DOCUMENTAR AS CORRECOES DOS DADOS DOS RESUMOS MENSAIS','INTEGRITY','TEXT'),(26,'2017-05-30 11:11:39','f443bbb66fe949558938f3c9a7a32690','ACTIVE',NULL,NULL,'ce041da3c01d47d9915f3b8be784c9a8','MTQ00000026','SEGUIR O FLUXO DE COMUNICAO DAS CORRECOES DOS RESUMOS MENSAIS','INTEGRITY','TEXT'),(27,'2017-05-30 11:39:15','f443bbb66fe949558938f3c9a7a32690','ACTIVE',NULL,NULL,'f504bbcbfdcc4819873c3cc70708f51b','MTQ00000027','FAZER O CRUZAMENTO DE DADOS OPENMRS E LIVROS PRE TARV(NOVOS INSCRITOS)','ACCURACY','TEXT'),(28,'2017-05-30 11:39:37','f443bbb66fe949558938f3c9a7a32690','ACTIVE',NULL,NULL,'36f5c8bcc17e4ed6ab75174d04fe94e1','MTQ00000028','FAZER O CRUZAMENTO DE DADOS OPENMRS E LIVROS TARV(PACIENTES QUE INICIARAM  TARV)','ACCURACY','TEXT'),(29,'2017-05-30 11:39:55','f443bbb66fe949558938f3c9a7a32690','ACTIVE',NULL,NULL,'72bea06e67b64ecab87881ddfa3e44cb','MTQ00000029','FAZER O CRUZAMENTO DE DADOS OPENMRS E LIVROS CPN(GRAVIDAS HIV+ E QUE INICIARAM TARV)','ACCURACY','TEXT'),(30,'2017-05-30 11:40:12','f443bbb66fe949558938f3c9a7a32690','ACTIVE',NULL,NULL,'529cc7928eb64df8988d032dbbe81f00','MTQ00000030','FAZER O CRUZAMENTO DE DADOS OPENMRS E LIVRO DE REGISTO DE  PCR  (CRIANCAS HIV+ E QUE INICIARAM TARV)','ACCURACY','TEXT'),(31,'2017-05-30 11:40:32','f443bbb66fe949558938f3c9a7a32690','ACTIVE',NULL,NULL,'a4468654f44d4c76a33df56531e6c75c','MTQ00000031','FAZER O CRUZAMENTO DE DADOS OPENMRS E LIVROS TB(PACIENTES QUE INICIARAM TRATAMENTO  DE TB)','ACCURACY','TEXT'),(32,'2017-05-30 11:40:50','f443bbb66fe949558938f3c9a7a32690','ACTIVE',NULL,NULL,'93f2e45f5c824c80b04180d519658807','MTQ00000032','FAZER O CRUZAMENTO DOS DADOS DO OPENMRS E LIVRO GAAC (PACIENTES INSCRITOS)','ACCURACY','TEXT'),(33,'2017-05-30 11:41:17','f443bbb66fe949558938f3c9a7a32690','ACTIVE',NULL,NULL,'360f3fe0c5854354aeec6c455242e8d9','MTQ00000033','REALIZAR  AS AVALIACOES DA QUALIDADE DE DADOS SEGUNDO PERIODICIDADE RECOMENDADA','RELIABILITY','TEXT'),(34,'2017-05-30 11:41:37','f443bbb66fe949558938f3c9a7a32690','ACTIVE',NULL,NULL,'f483fb93f2e2482fbfc5820fa76f9760','MTQ00000034','FAZER A VALIDACAO DOS DADOS DE CD4 (PROCESSO CLINICO)','RELIABILITY','TEXT'),(35,'2017-05-30 11:42:04','f443bbb66fe949558938f3c9a7a32690','ACTIVE',NULL,NULL,'935668e5c0804169b38de3ee551cb210','MTQ00000035','FAZER AS VALIDACAO DOS DADOS(PACIENTES QUE INICIARAM TARV SEM DATA DE INICIO DE LEVANTAMENTO TARV)','RELIABILITY','TEXT'),(36,'2017-05-30 11:42:35','f443bbb66fe949558938f3c9a7a32690','ACTIVE',NULL,NULL,'abb7976aaf024353ad7b84ec72b56a33','MTQ00000036','VALIDACAO DOS ABANDONOS NAO NOTIFICADOS','RELIABILITY','TEXT'),(37,'2017-05-30 11:43:00','f443bbb66fe949558938f3c9a7a32690','ACTIVE',NULL,NULL,'481b42171e0f46de94cdbb8d5ea12f56','MTQ00000037','MONITORIA DE DIGITACAO','RELIABILITY','TEXT'),(38,'2017-05-30 11:43:25','f443bbb66fe949558938f3c9a7a32690','ACTIVE',NULL,NULL,'f8dfd5fd6c254d5e90acc62d35163180','MTQ00000038','EXECUTAR O BACKUP DIARIAMENTE SEGUNDO \"PROCEDIMENTO OPERACIONAL PADRAO\"','PUNCTUALITY','TEXT'),(39,'2017-05-30 11:43:47','f443bbb66fe949558938f3c9a7a32690','ACTIVE',NULL,NULL,'556e27c25fc44964920e5c3212757f18','MTQ00000039','MANTER VERSAO DO  OPENMRS  ACTUALIZADA','PUNCTUALITY','TEXT'),(40,'2017-05-30 11:44:15','f443bbb66fe949558938f3c9a7a32690','ACTIVE',NULL,NULL,'96438756f1834b3db1793eeb329ab207','MTQ00000040','ENVIO DO BACKUP SEGUNDO PERIODICIDADE DEFINIDA','PUNCTUALITY','TEXT'),(41,'2017-05-30 11:44:32','f443bbb66fe949558938f3c9a7a32690','ACTIVE',NULL,NULL,'d6d995bf86f742a0a6000d2b486a0b51','MTQ00000041','DOCUMENTAR O ENVIO DO BACKUP','PUNCTUALITY','TEXT'),(42,'2017-05-30 11:44:54','f443bbb66fe949558938f3c9a7a32690','ACTIVE',NULL,NULL,'a4399f553fcc4a45bee3d691f3d98005','MTQ00000042','INTRODUZIR NO OPENMRS TODOS OS PROCESSOS DOS PACIENTES INSCRITOS NA US','PUNCTUALITY','TEXT'),(43,'2017-05-30 11:45:13','f443bbb66fe949558938f3c9a7a32690','ACTIVE',NULL,NULL,'776b7e1c84384e72ac8cfd65ecc556ab','MTQ00000043','ACTUALIZAR TODAS CONSULTAS DOS PACIENTES ATENDIDOS NA US','TOTALITY','TEXT'),(44,'2017-05-30 11:45:32','f443bbb66fe949558938f3c9a7a32690','ACTIVE',NULL,NULL,'354bea2c109f42c290500e4d81092d3e','MTQ00000044','ACTUALIZAR TODAS FILAS DOS PACIENTES QUE LEVANTAM ARVS NA US','TOTALITY','TEXT'),(45,'2017-05-30 11:45:57','f443bbb66fe949558938f3c9a7a32690','ACTIVE',NULL,NULL,'dc2448753ebc4146bdebe55723305985','MTQ00000045','SINCRONIZAR SISTEMATICAMENTE A BASE DE DADOS','TOTALITY','TEXT'),(46,'2017-05-30 11:46:21','f443bbb66fe949558938f3c9a7a32690','ACTIVE',NULL,NULL,'418ef16ea29e46188063200de2d2bd69','MTQ00000046','COMPARAR OS DADOS COM OS DOS PERIODOS ANTERIORES','PRECISION','TEXT'),(47,'2017-05-30 11:46:38','f443bbb66fe949558938f3c9a7a32690','ACTIVE',NULL,NULL,'a70844f6015b4cca825a256b367387ef','MTQ00000047','USAR OS INSTRUMENTOS DEFINIDOS COMO FONTE DO OPENMRS','PRECISION','TEXT'),(48,'2017-05-30 11:46:59','f443bbb66fe949558938f3c9a7a32690','ACTIVE',NULL,NULL,'4789c64df19b48bca62837b0a02ad072','MTQ00000048','CONHECER O POP DA CONFIDENCIALIDADE DE DADOS','CONFIDENTIALITY','TEXT'),(49,'2017-05-30 11:47:43','f443bbb66fe949558938f3c9a7a32690','ACTIVE',NULL,NULL,'fb58891f34ae402b869a51583c7a76ed','MTQ00000049','USAR SENHAS INDIVIDUAIS E NAO TRANFERIVEIS  PARA ACESSO AO COMPUTADOR','CONFIDENTIALITY','TEXT'),(50,'2017-05-30 11:48:02','f443bbb66fe949558938f3c9a7a32690','ACTIVE',NULL,NULL,'12b4a46c279644f9a3e3d0736b09345f','MTQ00000050','USAR SENHAS INDIVIDUAIS E NAO TRANFERIVEIS  PARA ACESSO A BASE DE DADOS','CONFIDENTIALITY','TEXT'),(51,'2017-05-30 11:48:30','f443bbb66fe949558938f3c9a7a32690','ACTIVE',NULL,NULL,'c5a83a6dab67480d974f1717ab83ffdf','MTQ00000051','USAR SENHAS EM DISPOSITIVOS DE TRANSPORTE DE DADOS  (IRON KEY)','CONFIDENTIALITY','TEXT'),(52,'2017-05-30 11:49:06','f443bbb66fe949558938f3c9a7a32690','ACTIVE',NULL,NULL,'c1ddb39c06b34dc7ab75173f947ac0ab','MTQ00000052','REPORTAR OS ERROS DE SINCRONIZACAO','INTEGRITY','TEXT'),(53,'2017-05-30 11:49:24','f443bbb66fe949558938f3c9a7a32690','ACTIVE',NULL,NULL,'1506f92a0b5e4f7c989e533f0eda01fd','MTQ00000053','REPORTAR OS ERROS E FALHAS DO SISTEMA NA ACTUALIZACAO DE INFORMACAO','INTEGRITY','TEXT'),(54,'2017-05-30 11:49:44','f443bbb66fe949558938f3c9a7a32690','ACTIVE',NULL,NULL,'af8f788794de4bdab54dc7f93d65a673','MTQ00000054','MANUTENCAO PREVENTIVA DOS EQUIPAMENTOS','INTEGRITY','TEXT'),(55,'2017-05-30 11:50:10','f443bbb66fe949558938f3c9a7a32690','ACTIVE',NULL,NULL,'1d32cf2a274c4546b549b39044a6313f','MTQ00000055','MANTER O ANTIVIRUS ACTUALIZADO','INTEGRITY','TEXT'),(56,'2017-05-30 15:26:55','f443bbb66fe949558938f3c9a7a32690','ACTIVE',NULL,NULL,'06f04b37f69d42b487488097da15f21f','MTQ00000056','COMPARAR OS DADOS RESUMO MENSAL COM OS SOMATORIOS DIARIOS','ACCURACY','TEXT'),(57,'2017-05-30 15:27:15','f443bbb66fe949558938f3c9a7a32690','ACTIVE',NULL,NULL,'65586f8b1cd0465abaaf2b7a72d5887b','MTQ00000057','VERIFICAR SE O Nº DAS HIV DESCONHECIDAS A ENTRADA(MENOR OU IGUAL A 1ª CPN)','ACCURACY','TEXT'),(58,'2017-05-30 15:27:36','f443bbb66fe949558938f3c9a7a32690','ACTIVE',NULL,NULL,'1383a868041c44e5bc7c35f2d842ab64','MTQ00000058','VERIFICAR SE O Nº DAS HIV POSITIVAS A ENTRADA(MENOR OU IGUAL A 1ª CPN)','ACCURACY','TEXT'),(59,'2017-05-30 15:27:58','f443bbb66fe949558938f3c9a7a32690','ACTIVE',NULL,NULL,'4ce944bfe9b64d3088569fa1da73e2f5','MTQ00000059','VERIFICAR SE O Nº DE HIV DESCONHECIDO A ENTRADA + HIV POSITIVO A ENTRADA(MENOR OU IGUAL A 1ª CPN)','ACCURACY','TEXT'),(60,'2017-05-30 15:30:05','f443bbb66fe949558938f3c9a7a32690','ACTIVE',NULL,NULL,'539edc61738e4a3c8117e02e422ee9d8','MTQ00000060','VERIFICAR SE O Nº DAS HIV+ A ENTRADA(MENOR OU IGUAL A 1ª CPN)','ACCURACY','TEXT'),(61,'2017-05-30 15:30:28','f443bbb66fe949558938f3c9a7a32690','ACTIVE',NULL,NULL,'8c19699e23cb44028a326a64a9d4229d','MTQ00000061','VERIFICAR SE O Nº DOS QUE FIZERAM 1º TESTE DE HIV(MENOR OU IGUAL A HIV DESCONHECIDA A ENTRADA) SE FOR MAIOR VERFICAR A RAZAO.','ACCURACY','TEXT'),(62,'2017-05-30 15:30:51','f443bbb66fe949558938f3c9a7a32690','ACTIVE',NULL,NULL,'0dd5a14a942a4905a044b8560e3f6cd5','MTQ00000062','VERIFICAR SE O Nº DOS QUE FIZERAM TESTES SEGUINTES DE HIV( MENOR OU IGUAL A CONSULTAS SEGUINTES)','ACCURACY','TEXT'),(63,'2017-05-30 15:31:09','f443bbb66fe949558938f3c9a7a32690','ACTIVE',NULL,NULL,'571fc33814f14ce7863988e10601362b','MTQ00000063','VERIFICAR SE A SOMA  HIV POSITIVA + HIV NEGATIVA, E IGUAL OU MENOR AOS QUE FIZERAM  TESTE SEGUINTES DE HIV','ACCURACY','TEXT'),(64,'2017-05-30 15:31:31','f443bbb66fe949558938f3c9a7a32690','ACTIVE',NULL,NULL,'d1a4135922f74116b74628eded68ba9b','MTQ00000064','VERIFICAR SE O Nº DAS QUE INICIARAM TARV(MENOR OU IGUAL A SOMA DE HIV POSITIVO A ENTRADA, HIV POSITIVO DO 1º TESTE E HIV POSITIVO DO TESTE SEGUINTE), SE FOR MAIOR VERIFICAR A RAZAO.','ACCURACY','TEXT'),(65,'2017-05-30 15:31:52','f443bbb66fe949558938f3c9a7a32690','ACTIVE',NULL,NULL,'671bcc2831f448709f3231513cff49a2','MTQ00000065','VERIFICAR O Nº DO OUTRO REGIME(NESTE MOMENTO NAO EXISTE OUTRO REGIME ALEM DOS DESCRITOS ACIMA)','ACCURACY','TEXT'),(66,'2017-05-30 15:32:10','f443bbb66fe949558938f3c9a7a32690','ACTIVE',NULL,NULL,'581d90fa3f454280a16114056fd2b65a','MTQ00000066','VERFICAR SE O Nº DE PARCEIROS PRESENTES NA CPN(MENOR OU IGUAL A 1ª CONSULTAS + CONSULTAS SEGUINTES)','ACCURACY','TEXT'),(67,'2017-05-30 15:32:34','f443bbb66fe949558938f3c9a7a32690','ACTIVE',NULL,NULL,'a7f9749cb377458a8ff280b31ea298db','MTQ00000067','VERIFICAR SE O Nº DE PARCEIRO HIV POSITIVO(MENOR OU IGUAL A PARCEIROS TESTADOS)','ACCURACY','TEXT'),(68,'2017-05-30 15:33:17','f443bbb66fe949558938f3c9a7a32690','ACTIVE',NULL,NULL,'d11f8e0ee89b429c8a718d53bd8e5976','MTQ00000068','EGISTAR NO CABECALHO: MES, ANO, PROVINCIA, DISTRITO, UNIDADE SANITARIA','RELIABILITY','TEXT'),(69,'2017-05-30 15:33:47','f443bbb66fe949558938f3c9a7a32690','ACTIVE',NULL,NULL,'85b0d803541a43dcb99f3eff425e9ed2','MTQ00000069','VALIDAR OS RESUMOS MENSAIS(ASSINATURAS DO RESPONSAVEL)','RELIABILITY','TEXT'),(70,'2017-05-30 15:34:07','f443bbb66fe949558938f3c9a7a32690','ACTIVE',NULL,NULL,'c29dce44572a4eeca09e8ef819fd093e','MTQ00000070','NAO DEIXAR ESPACOS VAZIOS NO RESUMO MENSAL, ESCREVA SEMPRE ZERO(0) NO INDICADOR QUE NAO TIVER VALOR','RELIABILITY','TEXT'),(71,'2017-05-30 15:34:26','f443bbb66fe949558938f3c9a7a32690','ACTIVE',NULL,NULL,'412d9c5db3e64481b0a33a945a1a486e','MTQ00000071','NO REGISTO DO LIVRO, A 4ª CONSULTA, DEVE-SE MARCAR COM X NA CONSULTA SEGUINTE E NA 4ª CONSULTA','RELIABILITY','TEXT'),(72,'2017-05-30 15:34:46','f443bbb66fe949558938f3c9a7a32690','ACTIVE',NULL,NULL,'6e8773f7b2cc4f1a97274cb9c6eec9f8','MTQ00000072','NO REGISTO DO LIVRO, O TARV A ENTRADA, DEVE-SE MARCAR COM A X NO POSITIVO A ENTRADA E TARV A ENTRADA','RELIABILITY','TEXT'),(73,'2017-05-30 15:35:11','f443bbb66fe949558938f3c9a7a32690','ACTIVE',NULL,NULL,'25ae84476fa94c2481fdc11da3ebad04','MTQ00000073','NO FINAL DO DIA FAZER O SOMATORIO DO DIA','PUNCTUALITY','TEXT'),(74,'2017-05-30 15:35:33','f443bbb66fe949558938f3c9a7a32690','ACTIVE',NULL,NULL,'d8826009c0684308b63b14bc5f8bd218','MTQ00000074','NO FINAL DO MES FAZER O SOMATORIO  DOS TOTAIS DIARIOS E AGREGAR O RESUMO MENSAL','PUNCTUALITY','TEXT'),(75,'2017-05-30 15:36:09','f443bbb66fe949558938f3c9a7a32690','ACTIVE',NULL,NULL,'1eda987792994f82a5a7ad2db0cd81be','MTQ00000075','ENVIAR NO FINAL DE CADA MES O RESUMO MENSAL PARA A DDS','PUNCTUALITY','TEXT'),(76,'2017-05-30 15:36:35','f443bbb66fe949558938f3c9a7a32690','ACTIVE',NULL,NULL,'e4d0e7d4c2394985a01f440f5adbdd7b','MTQ00000076','CUMPRIR A DATA DE ENVIO DE RELATORIOS','PUNCTUALITY','TEXT'),(77,'2017-05-30 15:38:29','f443bbb66fe949558938f3c9a7a32690','ACTIVE',NULL,NULL,'c7329696dbfd4c698c0b6b6bca6a255a','MTQ00000077','ELABORAR O RELATORIO COMPLETO(PREECHIMENTO DE OS CAMPOS)','TOTALITY','TEXT'),(78,'2017-05-30 15:38:51','f443bbb66fe949558938f3c9a7a32690','ACTIVE',NULL,NULL,'217154aaf8384da5b58412faea77cd36','MTQ00000078','ENVIAR TODOS OS RELATORIOS PREVISTOS','TOTALITY','TEXT'),(79,'2017-05-30 15:39:23','f443bbb66fe949558938f3c9a7a32690','ACTIVE',NULL,NULL,'daa29a1d8970405fa8e8d6300e702b5d','MTQ00000079','OBEDECER OS PERIODOS DE AGREGACAO MENSAL DOS DADOS(21 A 20)','TOTALITY','TEXT'),(80,'2017-05-30 15:39:44','f443bbb66fe949558938f3c9a7a32690','ACTIVE',NULL,NULL,'53153705c70740b1ac0673b709f73d07','MTQ00000080','USAR OS INSTRUMENTOS PADRONIZADOS PARA O REGISTO(LIVRO DE REGISTO DA CPN)','PRECISION','TEXT'),(81,'2017-05-30 15:40:03','f443bbb66fe949558938f3c9a7a32690','ACTIVE',NULL,NULL,'ad1b64a154d7495f85ea4682db1b7e28','MTQ00000081','USAR INSTRUMENTOS PADRONIZADO PARA COLHEITA DE DADOS(TOTAIS DIARIOS E RESUMO MENSAL)','PRECISION','TEXT'),(82,'2017-05-30 15:40:22','f443bbb66fe949558938f3c9a7a32690','ACTIVE',NULL,NULL,'b07690a49bae49198d7a26e43aa96835','MTQ00000082','COMPARAR OS DADOS COM OS DOS PERIODOS ANTERIORES','PRECISION','TEXT'),(83,'2017-05-30 15:40:46','f443bbb66fe949558938f3c9a7a32690','ACTIVE',NULL,NULL,'44719f0a07824e629ff05c398a84d413','MTQ00000083','ARQUIVAR DEVIDAMENTE OS REGISTOS DIARIOS','CONFIDENTIALITY','TEXT'),(84,'2017-05-30 15:41:02','f443bbb66fe949558938f3c9a7a32690','ACTIVE',NULL,NULL,'5cfb7add95634284aac0d0a0b1b02f68','MTQ00000084','ARQUIVAR DEVIDAMENTE OS RESUMOS MENSAIS','CONFIDENTIALITY','TEXT'),(85,'2017-05-30 15:41:21','f443bbb66fe949558938f3c9a7a32690','ACTIVE',NULL,NULL,'578fa7355b314de9b6f47f54ac73809b','MTQ00000085','MANTER OS DADOS EM PASTAS DE ARQUIVO DEVIDAMENTE IDENTIFICADAS','CONFIDENTIALITY','TEXT'),(86,'2017-05-30 15:41:51','f443bbb66fe949558938f3c9a7a32690','ACTIVE',NULL,NULL,'c476f95aa67f4d0da028157262aa5bab','MTQ00000086','DOCUMENTAR AS CORRECOES DOS DADOS DOS RESUMOS MENSAIS','INTEGRITY','TEXT'),(87,'2017-05-30 15:42:44','f443bbb66fe949558938f3c9a7a32690','ACTIVE',NULL,NULL,'50dd4bf5ec19416c975eac8c5fa0ba26','MTQ00000087','SEGUIR O FLUXO DE COMUNICAO DAS CORRECOES DOS RESUMOS MENSAIS','INTEGRITY','TEXT'),(88,'2017-05-30 15:56:05','f443bbb66fe949558938f3c9a7a32690','ACTIVE',NULL,NULL,'b758c6ff17cd463f9bf18d736df05132','MTQ00000088','REGISTAR NO CABECALHO: MES, ANO, PROVINCIA, DISTRITO, UNIDADE SANITARIA','RELIABILITY','TEXT'),(89,'2017-05-30 15:56:32','f443bbb66fe949558938f3c9a7a32690','INACTIVE','2017-05-30 15:58:27','f443bbb66fe949558938f3c9a7a32690','c8ba77c6e12841e29608d59da2c4ca62','MTQ00000089','REGISTAR NO CABECALHO: MES, ANO, PROVINCIA, DISTRITO, UNIDADE SANITARIA','RELIABILITY','TEXT'),(90,'2017-08-27 19:07:16','08cc21901f18424ebb4a232f8963fc1b','ACTIVE',NULL,NULL,'48a3607edc054edd92f7e6cf2beb8307','MTQ00000090','ASSEGURA QUE EXISTE UM ESTABILIZADOR DE CORRENTE PARA O INSTRUMENTO PIMA ALERE','PREPARATION','TEXT'),(91,'2017-08-27 19:09:03','08cc21901f18424ebb4a232f8963fc1b','ACTIVE',NULL,NULL,'1d09add2063b4ad4b36a4264dd5e7b71','MTQ00000091','ASSEGURA A CORRECTA INSTALACAO DO INSTRUMENTO PIMA (CONEXAO DE CABOS, IMPRESSORA, FONTE DE CORRENTE, ETC)','PREPARATION','TEXT'),(92,'2017-08-27 19:10:59','08cc21901f18424ebb4a232f8963fc1b','ACTIVE',NULL,NULL,'de11cbcf546d4aec89ecea6be532f85b','MTQ00000092','ASSEGURA QUE O ESTABILIZADOR DO INSTRUMENTO PIMA ALERE ESTA LIGADO NUMA TOMADA ESPECIFICA','PREPARATION','TEXT'),(93,'2017-08-27 19:12:16','08cc21901f18424ebb4a232f8963fc1b','ACTIVE',NULL,NULL,'097bdbff4a5345d0af5a766c859e9fd4','MTQ00000093','ASSEGURA A CONSERVACAO DE CASSETES DO PIMA EM LUGAR ADEQUADO (LONGE DA LUZ SOLAR, NAO SOBREPOSTOS COM OUTROS MATERIAIS ETC)','PREPARATION','TEXT'),(94,'2017-08-27 19:15:20','08cc21901f18424ebb4a232f8963fc1b','ACTIVE',NULL,NULL,'57046c0d86544d20bfbff55d5846ac68','MTQ00000094','ASSEGURA QUE CONTROLES E CASSETES DO PIMA EM USO ESTAO DENTRO DO PRAZO DE VALIDADE','PREPARATION','TEXT'),(95,'2017-08-27 19:15:35','08cc21901f18424ebb4a232f8963fc1b','ACTIVE',NULL,NULL,'e7159a3ae2c74c5c9ac9b91adcd5352a','MTQ00000095','LIGA O PIMA CONFORME O PROCEDIMENTO?','PREPARATION','TEXT'),(96,'2017-08-27 19:16:10','08cc21901f18424ebb4a232f8963fc1b','ACTIVE',NULL,NULL,'80f0e8836b454e6881e53e49b969fba2','MTQ00000096','PASSA OS CONTROLES (BAIXO E NORMAL) NO PIMA ANTES DE PROCESSAR AS AMOSTRAS?','PREPARATION','TEXT'),(97,'2017-08-27 19:16:34','08cc21901f18424ebb4a232f8963fc1b','ACTIVE',NULL,NULL,'6974218890754dd896e63d0f02c02def','MTQ00000097','VERIFICA SE OS RESULTADOS DO CONTROLOS ESTAO DENTRO DOS INTERVALOS DE REFERENCIA?','PREPARATION','TEXT'),(98,'2017-08-27 19:17:03','08cc21901f18424ebb4a232f8963fc1b','ACTIVE',NULL,NULL,'e4fab343c8454f6d82ef158bf5eeef87','MTQ00000098','PLOTA OS RESULTADOS DE CONTROLES NOS GRAFICOS DE LEVEY?','PREPARATION','TEXT'),(99,'2017-08-27 19:17:27','08cc21901f18424ebb4a232f8963fc1b','ACTIVE',NULL,NULL,'4f903c0d5d154243958d1b29358383cd','MTQ00000099','REGISTA OS RESULTADOS DE CONTROLES NO LIVRO ESPECIFICO?','PREPARATION','TEXT'),(100,'2017-08-27 19:19:40','08cc21901f18424ebb4a232f8963fc1b','ACTIVE','2017-08-27 19:20:05','08cc21901f18424ebb4a232f8963fc1b','af74715816054f43961400fa9c6f46a1','MTQ00000100','COLHE CORRETAMENTE AS AMOSTRAS (CAPILAR), OBSERVANDO SEMPRE O VOLUME (25 MICROLITRO) PARA CADA CASSETE','PROCEDURE','TEXT'),(101,'2017-08-27 19:20:36','08cc21901f18424ebb4a232f8963fc1b','ACTIVE',NULL,NULL,'d126aac1347e4e3e897aaac36ecb63ae','MTQ00000101','SEGURA CORRETAMENTE (NAO TOCAR NA PARTE FRONTAL) A CASSETE PARA COLOCAR O SANGUE','PROCEDURE','TEXT'),(102,'2017-08-27 19:21:15','08cc21901f18424ebb4a232f8963fc1b','ACTIVE',NULL,NULL,'cba8e168c89d4d8c84387a642b1de299','MTQ00000102','COLOCA O SANGUE DE FORMA CONTINUA NO TUBOS COLETOR, ATE ESTAR VISIVEL NA JANELA DA CASSETE (PARA EVITAR FORMACAO DE BOLHAS)','PROCEDURE','TEXT'),(103,'2017-08-27 19:22:41','08cc21901f18424ebb4a232f8963fc1b','ACTIVE',NULL,NULL,'f17eb2f28f944ce1889530c3879804a4','MTQ00000103','NA COLHEITA VENOSA (TUBO EDTA), ASSEGURA A HOMOGENEIZACAO ADEQUADA DA AMOSTRA ANTES DE TRANSFERIR PARA A CASSETE','PROCEDURE','TEXT'),(104,'2017-08-27 19:22:55','08cc21901f18424ebb4a232f8963fc1b','ACTIVE',NULL,NULL,'bf59515f956544598535f2e71c3a7972','MTQ00000104','NA COLHEITA VENOSA PREENCHE O VOLUME INDICADO NO TUBO EDTA','PROCEDURE','TEXT'),(105,'2017-08-27 19:23:11','08cc21901f18424ebb4a232f8963fc1b','ACTIVE',NULL,NULL,'ce6a8a288a074e3dbdcdc35bb21af777','MTQ00000105','OBSERVA O TEMPO DE VIDA UTIL DO SANGUE ANTES DE COLOCAR NA CASSETE','PROCEDURE','TEXT'),(106,'2017-08-27 19:23:28','08cc21901f18424ebb4a232f8963fc1b','ACTIVE',NULL,NULL,'69627b72c3a1498b86487580ff34aa81','MTQ00000106','TRANSFERE ADEQUADAMENTE O SANGUE DO TUBO PARA CASSETE?','PROCEDURE','TEXT'),(107,'2017-08-27 19:23:47','08cc21901f18424ebb4a232f8963fc1b','ACTIVE',NULL,NULL,'7d5fb1d5bfb24e42bb3d30b8e1191b4c','MTQ00000107','COLOCA CORRETAMENTE O NOME DO OPERADOR DURANTE O PROCESSAMENTO DA AMOSTRA','PROCEDURE','TEXT'),(108,'2017-08-27 19:24:02','08cc21901f18424ebb4a232f8963fc1b','ACTIVE',NULL,NULL,'078ba6bad18e409e89c7a99e078236b3','MTQ00000108','COLOCA CORRETAMENTE OS DADOS DO PACIENTES DURANTE O PROCESSAMENTO DA AMOSTRA','PROCEDURE','TEXT'),(109,'2017-08-27 19:24:27','08cc21901f18424ebb4a232f8963fc1b','ACTIVE',NULL,NULL,'eaf0ea67f4cb479db5c15d0097c4f6b4','MTQ00000109','ANALISA OS RESULTADOS EMITIDOS PELO INSTRUMENTO PIMA ALERE?','PROCEDURE','TEXT'),(110,'2017-08-27 19:24:46','08cc21901f18424ebb4a232f8963fc1b','ACTIVE',NULL,NULL,'5876233de2af416b82529ccc9e400883','MTQ00000110','ASSEGURA A REPETICAO DO EXAME EM CASOS DE NECESSIDADE','PROCEDURE','TEXT'),(111,'2017-08-27 19:26:32','08cc21901f18424ebb4a232f8963fc1b','ACTIVE',NULL,NULL,'7e4dae528874401c951fd4e33b589919','MTQ00000111','REGISTA E ASSINA OS RESULTADOS ADEQUADAMENTE?','REGISTRATION_AND_MANAGEMENT','TEXT'),(112,'2017-08-27 19:26:59','08cc21901f18424ebb4a232f8963fc1b','ACTIVE',NULL,NULL,'87324cb6e7234c47acdd39f9c079984c','MTQ00000112','REGISTA OS ERROS NO LIVRO ESPECIFICO?','REGISTRATION_AND_MANAGEMENT','TEXT'),(113,'2017-08-27 19:27:21','08cc21901f18424ebb4a232f8963fc1b','ACTIVE',NULL,NULL,'4a3ce72d3dd5482c9bbe6c48347be35c','MTQ00000113','ENTREGA OS RESULTADOS DE PACIENTES PRIORITARIOS (GRAVIDAS, CRIANCAS, E CASOS NOVOS) NO MESMO DIA DA COLHEITA DE AMOSTRA','REGISTRATION_AND_MANAGEMENT','TEXT'),(114,'2017-08-27 19:27:35','08cc21901f18424ebb4a232f8963fc1b','ACTIVE',NULL,NULL,'d5d06b9efcad4754b49656cea1f06e44','MTQ00000114','AO FINAL DE CADA DIA DE TRABALHO FAZ A CONECTIVIDADE E ENVIA DADOS PARA O SISTEMA?','REGISTRATION_AND_MANAGEMENT','TEXT'),(115,'2017-08-27 19:30:04','08cc21901f18424ebb4a232f8963fc1b','ACTIVE',NULL,NULL,'6687d84b1022471ab9ef68b8bf9799c6','MTQ00000115','ASSEGURA BACKUP DE DADOS DE AMOSTRAS DE PACIENTES JA PROCESSADOS','REGISTRATION_AND_MANAGEMENT','TEXT'),(116,'2017-08-27 19:30:21','08cc21901f18424ebb4a232f8963fc1b','ACTIVE',NULL,NULL,'3c975ef5fccd4cdb98931267bb224b0b','MTQ00000116','A TAXA DE ERRO ESTA ABAIXO DE 5%','REGISTRATION_AND_MANAGEMENT','TEXT'),(117,'2017-08-27 19:32:05','08cc21901f18424ebb4a232f8963fc1b','ACTIVE',NULL,NULL,'194abf72f0154d25aacb50f6490c34ea','MTQ00000117','O ERRO MAIS COMUM E 850','REGISTRATION_AND_MANAGEMENT','TEXT'),(118,'2017-08-27 19:32:19','08cc21901f18424ebb4a232f8963fc1b','ACTIVE',NULL,NULL,'68abf415b39742babe666f284a51759d','MTQ00000118','PROCESSA PELO MENOS 15 AMOSTRAS POR DIA','REGISTRATION_AND_MANAGEMENT','TEXT'),(119,'2017-08-27 19:32:33','08cc21901f18424ebb4a232f8963fc1b','ACTIVE',NULL,NULL,'7ceef1fc4a8b4aeebdeacaf5ee528c7e','MTQ00000119','ELABORA CORRETAMENTE OS RELATORIOS MENSAIS','REGISTRATION_AND_MANAGEMENT','TEXT'),(120,'2017-08-27 19:33:05','08cc21901f18424ebb4a232f8963fc1b','ACTIVE',NULL,NULL,'867b5a9a4d72483eba4f9d3c3a793314','MTQ00000120','ENVIA OS RELATORIOS DENTRO DOS PRAZOS ESTABELECIDOS','REGISTRATION_AND_MANAGEMENT','TEXT'),(121,'2017-08-27 19:33:21','08cc21901f18424ebb4a232f8963fc1b','ACTIVE',NULL,NULL,'63207a5821f9497aaeef733f4faa0e2a','MTQ00000121','SEGUE COM RIGOR O PROCEDIMENTO DE TROCA DO PIMA EM CASO DE AVARIA','REGISTRATION_AND_MANAGEMENT','TEXT'),(122,'2017-08-27 20:51:54','08cc21901f18424ebb4a232f8963fc1b','ACTIVE',NULL,NULL,'c6254c6e5b6a45c49adbde87528e3fde','MTQ00000122','USA CORRECTAMENTE O EPI','PREPARATION','TEXT'),(123,'2017-08-27 20:53:00','08cc21901f18424ebb4a232f8963fc1b','ACTIVE',NULL,NULL,'5542186971274d51946e39785703e9a4','MTQ00000123','REALIZA E DOCUMENTA A MANUTENCAO PREVENTIVA DO MICROSCOPIO E OUTROS EQUIPAMENTOS NECESSARIOS?','PREPARATION','TEXT'),(124,'2017-08-27 20:53:36','08cc21901f18424ebb4a232f8963fc1b','ACTIVE',NULL,NULL,'110cf6218644450eaa29b52b270eda30','MTQ00000124','DESINFECTA AS BANCADAS USANDO HIPOCLORITO A 0.5%, ANTES DE REALIZAR QUALQUER PROCEDIMENTO?','PREPARATION','TEXT'),(125,'2017-08-27 20:53:52','08cc21901f18424ebb4a232f8963fc1b','ACTIVE',NULL,NULL,'ad0024993ab3435cb2ec2588a69cea2a','MTQ00000125','ASSEGURA A DISPONIBILIDADE DE TODO MATERIAL, REAGENTES E INSUMOS NA ESTACAO DE TRABALHO','PREPARATION','TEXT'),(126,'2017-08-27 20:55:08','08cc21901f18424ebb4a232f8963fc1b','ACTIVE',NULL,NULL,'c719a8a72d3d4ceabe217b8cce76618f','MTQ00000126','ORDENA SEQUENCIAMENTE AS AMOSTRAS DE PACIENTES E DE CONTROLES?','PREPARATION','TEXT'),(127,'2017-08-27 20:55:23','08cc21901f18424ebb4a232f8963fc1b','ACTIVE',NULL,NULL,'4e3584d9331444c6bd390ec6b6fc5789','MTQ00000127','IDENTIFICA AS LAMINAS COM LAPIS DE DIAMANTE DE ACORDO COM AS NORMA EM VIGOR (DATA, CODIGO DA US E ID)','PREPARATION','TEXT'),(128,'2017-08-27 20:56:27','08cc21901f18424ebb4a232f8963fc1b','ACTIVE',NULL,NULL,'9e4e0dbbc6b3414bb69c659e0d02ef6d','MTQ00000128','DESENGORDURA AS LAMINAS ANTES DE PREPARAR OS ESFREGACOS?','PROCEDURE','TEXT'),(129,'2017-08-27 20:56:44','08cc21901f18424ebb4a232f8963fc1b','ACTIVE',NULL,NULL,'50bf4eb04d32478491987f2c9ca24292','MTQ00000129','PREPARA ESFREGACO OBEDECENDO A REGRA DE 1/2 OU 2/3 CM?','PROCEDURE','TEXT'),(130,'2017-08-27 20:57:50','08cc21901f18424ebb4a232f8963fc1b','ACTIVE',NULL,NULL,'49ddd83416004302bc75985d6cb380b1','MTQ00000130','ASSEGURA A FIXACAO DOS ESFREGACOS','PROCEDURE','TEXT'),(131,'2017-08-27 20:59:37','08cc21901f18424ebb4a232f8963fc1b','ACTIVE',NULL,NULL,'ceba36a461184f32a124cb1b148f4bd7','MTQ00000131','ARRUMA SEQUENCIALMENTE AS LAMINAS NO SUPORTE DE COLORACAO, OBEDECENDO A SEPARACAO','PROCEDURE','TEXT'),(132,'2017-08-27 21:00:22','08cc21901f18424ebb4a232f8963fc1b','ACTIVE',NULL,NULL,'52a4aaecebfe480dbd1420533235e2d7','MTQ00000132','COBRE AS OS ESFREGACOS COM FUCSINA BASICA?','PROCEDURE','TEXT'),(133,'2017-08-27 21:00:42','08cc21901f18424ebb4a232f8963fc1b','ACTIVE',NULL,NULL,'8e4d66098d52494baf4a9a9a89db11d3','MTQ00000133','AQUECE AS LAMINAS ATE A EMISSAO DE VAPORES EVITANDO A FERVURA','PROCEDURE','TEXT'),(134,'2017-08-27 21:00:53','08cc21901f18424ebb4a232f8963fc1b','ACTIVE',NULL,NULL,'c23b441a2a1f44d1a1a61c87d360edf4','MTQ00000134','DEIXA ACTUAR POR 5 MINUTOS?','PROCEDURE','TEXT'),(135,'2017-08-27 21:01:09','08cc21901f18424ebb4a232f8963fc1b','ACTIVE',NULL,NULL,'9384c4c881b7461bb6c5a788bf0ead4c','MTQ00000135','ASSEGURA A LAVAGEM CUIDADOSA DAS LAMINAS PARA EVITAR REMOVER O ESFREGACO','PROCEDURE','TEXT'),(136,'2017-08-27 21:01:25','08cc21901f18424ebb4a232f8963fc1b','ACTIVE',NULL,NULL,'621eaf4cef3d4b9eaee6e4859faedc67','MTQ00000136','COBRE AS LAMINAS COM ACIDO SULFURICO A 20% E DEIXA ACTUAR POR 3 MINUTOS?','PROCEDURE','TEXT'),(137,'2017-08-27 21:01:38','08cc21901f18424ebb4a232f8963fc1b','ACTIVE',NULL,NULL,'815e94830f4f493e8b198a971acfabab','MTQ00000137','PROCEDE A LAVAGEM DA LAMINAS COM AGUA?','PROCEDURE','TEXT'),(138,'2017-08-27 21:01:58','08cc21901f18424ebb4a232f8963fc1b','ACTIVE','2017-08-27 21:17:11','08cc21901f18424ebb4a232f8963fc1b','9ab716a27bb14ab6bc20d7a530d3526f','MTQ00000138','COBRE AS LAMINAS COM AZUL DE METILENO DURANTE 1 MINUTO?','PROCEDURE','TEXT'),(139,'2017-08-27 21:02:15','08cc21901f18424ebb4a232f8963fc1b','ACTIVE',NULL,NULL,'0675e218181b4af7b69f8c34f15da35c','MTQ00000139','LAVA COM AGUA CORRENTE','PROCEDURE','TEXT'),(140,'2017-08-27 21:05:31','08cc21901f18424ebb4a232f8963fc1b','ACTIVE',NULL,NULL,'84cc23d4036f49c18d3f552f4b0faeed','MTQ00000140','LIGA CORRECTAMENTE O MICROSCOPIO','PROCEDURE','TEXT'),(141,'2017-08-27 21:05:51','08cc21901f18424ebb4a232f8963fc1b','ACTIVE',NULL,NULL,'e9d23374ea5d4b71863199499b2b40c6','MTQ00000141','ASSEGURA O BOM POSICIONAMENTO DA LAMINA, COM ESFREGACO VIRADO PARA CIMA','PROCEDURE','TEXT'),(142,'2017-08-27 21:06:04','08cc21901f18424ebb4a232f8963fc1b','ACTIVE',NULL,NULL,'17b67cec5e224c33b9ca42f879f02251','MTQ00000142','FOCA O CAPO COM OBJECTIVA DE 10X E DEPOIS COM DE 100X E OLEO DE IMERSAO, PARA PROCEDER A LEITURA E REGISTO DOD RESULTADOS','PROCEDURE','TEXT'),(143,'2017-08-27 21:06:19','08cc21901f18424ebb4a232f8963fc1b','ACTIVE',NULL,NULL,'f10dccbc46824e978f460f4b221cb169','MTQ00000143','OBEDECE A TABELA DA OMS PARA LANCAMENTO DOS RESULTADOS','PROCEDURE','TEXT'),(144,'2017-08-27 21:06:35','08cc21901f18424ebb4a232f8963fc1b','ACTIVE',NULL,NULL,'6ae67c6ca4274ed693e3a99682733aed','MTQ00000144','ARRUMA O MATERIAL, DESINFECTA O MICROSCOPIO E A BANCADA DEPOIS DO TRABALHO?','PROCEDURE','TEXT'),(145,'2017-08-27 21:06:56','08cc21901f18424ebb4a232f8963fc1b','ACTIVE',NULL,NULL,'5a1819cdec2743dc84b0d35519514035','MTQ00000145','ARRUMA O MATERIAL, DESINFECTA O MICROSCOPIO E A BANCADA DEPOIS DO TRABALHO?','REGISTRATION_AND_MANAGEMENT','TEXT'),(146,'2017-08-27 21:07:10','08cc21901f18424ebb4a232f8963fc1b','ACTIVE',NULL,NULL,'cdc82d5d85914aefaacddd2481daa0c8','MTQ00000146','REGISTA CORRECTAMENTE O RESULTADO NA FICHA DE TRABALHO?','REGISTRATION_AND_MANAGEMENT','TEXT'),(147,'2017-08-27 21:07:25','08cc21901f18424ebb4a232f8963fc1b','ACTIVE',NULL,NULL,'d5c100ae434142b482b00e2f2a470e33','MTQ00000147','REALIZA A VERIFICACAO CRUZADA ANTES ANTES  RESULTADOS?','REGISTRATION_AND_MANAGEMENT','TEXT'),(148,'2017-08-27 21:07:44','08cc21901f18424ebb4a232f8963fc1b','ACTIVE',NULL,NULL,'9d38e1b11b664bd2a98ef91c741ea8e3','MTQ00000148','ASSEGURA A TRANSCRICAO CORRECTA DOS RESULTADOS PARA O LIVRO E REQUISICAO?','REGISTRATION_AND_MANAGEMENT','TEXT'),(149,'2017-08-27 21:08:45','08cc21901f18424ebb4a232f8963fc1b','ACTIVE',NULL,NULL,'c361676870c0480e98496eda987ccf08','MTQ00000149','ELABORA CORRECTAMENTE OS RELATORIOS DE ACTIVIDADE E ENVIA DENTRO DOS PRAZOS?','REGISTRATION_AND_MANAGEMENT','TEXT'),(150,'2017-08-27 21:08:55','08cc21901f18424ebb4a232f8963fc1b','ACTIVE',NULL,NULL,'a0d7e25aad7a414c9486f232ccfb15ee','MTQ00000150','ENVIA OS RELATORIOS NOS PRAZOS PRE-ESTABELECIDOS?','REGISTRATION_AND_MANAGEMENT','TEXT'),(151,'2017-08-27 21:09:31','08cc21901f18424ebb4a232f8963fc1b','ACTIVE',NULL,NULL,'fd7bf9d68de94c88a085ea7678b32d2b','MTQ00000151','ASSEGURA A DISPONIBILIDADE DA FICHA DE STOCK ACTUALIZADAS DE REAGENTES E CONSUMIVEIS?','REGISTRATION_AND_MANAGEMENT','TEXT'),(152,'2017-08-27 21:43:15','08cc21901f18424ebb4a232f8963fc1b','ACTIVE',NULL,NULL,'af2d9dc75d1343cbaa2b3d6b9bd49124','MTQ00000152','ASSEGURA A COLORACAO E LEITURA DE LAMINAS DE CONTROLO DE QUALIDADE PRIMEIRO ANTES DE PROCESSAR LAMINAS DE PACIENTES CONTROLO NEGATIVO, SEGUIDA DAS LAMINAS POR CORAR','PREPARATION','TEXT'),(153,'2017-08-27 21:55:50','08cc21901f18424ebb4a232f8963fc1b','ACTIVE',NULL,NULL,'a0ec823ec8d84c7b83bd6ef833433e85','MTQ00000153','COLOCA AS LAMINAS COM O ESFREGACO VIRADO PARA CIMA, DE ACORDO COM O NUMERO DE ORDEM DE REGISTO, NO SUPORTE, A UMA DISTANCIA DE UM DEDO?','PROCEDURE','TEXT'),(154,'2017-08-27 21:56:15','08cc21901f18424ebb4a232f8963fc1b','ACTIVE',NULL,NULL,'e94477bf5193433487aaf815a810e867','MTQ00000154','COBRE TODOS OS ESFREGACOS COM A SOLUCAO DE AURAMINA FENIFICADA A 0.1% E MARCAR NO CRONOMETRO 20 MINUTOS','PROCEDURE','TEXT'),(155,'2017-08-27 21:56:48','08cc21901f18424ebb4a232f8963fc1b','ACTIVE',NULL,NULL,'649d879dabde450595537553ae15e178','MTQ00000155','APOS 20 MINUTOS, INCLINAR AS LAMINAS E DERRAMAR A SOLUCAO DE AURAMINA FENIFICADA?','REGISTRATION_AND_MANAGEMENT','TEXT'),(156,'2017-08-27 21:57:29','08cc21901f18424ebb4a232f8963fc1b','ACTIVE',NULL,NULL,'98b1e709620e4a5b8f39b46214379989','MTQ00000156','COM AJUDA DE UM COPO, LAVA AS LAMINAS, DEITANDO LENTAMENTE A AGUA CORRENTE SOBRE AS LAMINAS PARA ELIMINAR EXCESSO DE CORANTE SOBRE OS ESFREGACOS?','PROCEDURE','TEXT'),(157,'2017-08-27 21:57:47','08cc21901f18424ebb4a232f8963fc1b','ACTIVE',NULL,NULL,'813f4ca3dd0f4a90887bd74caa0dbfac','MTQ00000157','COBRE COMPLETAMENTE A LAMINA COM A SOLUCAO DESCORANTE DE ALCOOL-ACIDO A 0.5% E MARCAR NO CRONOMETRO 2 MINUTOS?','PROCEDURE','TEXT'),(158,'2017-08-27 21:58:01','08cc21901f18424ebb4a232f8963fc1b','ACTIVE',NULL,NULL,'872aa865754e4ddda02ae3e88509d385','MTQ00000158','APOS 2 MINUTOS, LAVA AS LAMINAS, DEITANDO AGUA LENTAMENTE?','REGISTRATION_AND_MANAGEMENT','TEXT'),(159,'2017-08-27 21:58:37','08cc21901f18424ebb4a232f8963fc1b','ACTIVE',NULL,NULL,'f55f4513b8e0490fb43cc454095ad524','MTQ00000159','COBRE OS ESFREGACOS DE CADA UMA DAS LAMINAS COM A SOLUCAO DE PERMANGANATO DE POTASSIO A  0,5% E MARCAR NO CRONOMETRO 1 MINUTO?','PROCEDURE','TEXT'),(160,'2017-08-27 21:59:34','08cc21901f18424ebb4a232f8963fc1b','ACTIVE',NULL,NULL,'6a724c0f2e4b48a09df084822e2f5d77','MTQ00000160','APOS 1 MINUTO, LAVA AS LAMINAS COM AGUA CORRENTE LENTAMENTE?','PROCEDURE','TEXT'),(161,'2017-08-27 21:59:52','08cc21901f18424ebb4a232f8963fc1b','ACTIVE',NULL,NULL,'3e2e89fc950946428d24ddf683e8f070','MTQ00000161','LIMPA A PARTE OPOSTA DO ESFREGACO COM O AUXILIO DO PAPEL TOALHA EMBEBIDO EM ALCOOL-ACIDO?','PROCEDURE','TEXT'),(162,'2017-08-27 22:00:03','08cc21901f18424ebb4a232f8963fc1b','ACTIVE',NULL,NULL,'39ae714754324bb486d8d81d6ebf758d','MTQ00000162','COLOCA CADA UMA DAS LAMINAS CORADAS INCLINADAS, PARA SECAR NUMA BANDEJA DE INOX/PRANCHA E DEIXAR SECAR A TEMPERATURA AMBIENTE?','PROCEDURE','TEXT'),(163,'2017-08-27 22:02:32','08cc21901f18424ebb4a232f8963fc1b','ACTIVE',NULL,NULL,'a4de8cc0a44048fba4d2213ce390038f','MTQ00000163','FOCA O CAPO COM OBJECTIVA DE 10X E DEPOIS COM DE 40 40X PARA PROCEDER A LEITURA E REGISTO DOD RESULTADOS','PROCEDURE','TEXT'),(164,'2017-08-28 08:16:03','08cc21901f18424ebb4a232f8963fc1b','ACTIVE',NULL,NULL,'f88cfe769d294f3f884083c67776fb79','MTQ00000164','REGISTA OS RESULTADOS NA FOLHA DE TRABALHO E DEPOIS TRANSCREVE PARA O LIVRO DE REGISTO E NA REQUISICAO DO PACIENTE?','REGISTRATION_AND_MANAGEMENT','TEXT'),(165,'2017-08-28 08:56:30','08cc21901f18424ebb4a232f8963fc1b','ACTIVE',NULL,NULL,'199ca3e74cb14c42ac9fe44a9bb89305','MTQ00000165','IDENTIFICAR CADA CARTUCHO XPERT MTB/RIF COM ID DA AMOSTRA (ESCREVER NOS LADOS DO CARTUCHO OU AFIXAR UMA ETIQUETA DE ID)','PROCEDURE','TEXT'),(166,'2017-08-28 08:57:13','08cc21901f18424ebb4a232f8963fc1b','ACTIVE',NULL,NULL,'74c76f646ebe43728a4ed23248e59589','MTQ00000166','ASSEGURA NAO OBSTRUCAO DO CODIGO DE BARRAS 2D QUE EXISTE NO CARTUCHO','PROCEDURE','TEXT'),(167,'2017-08-28 08:58:08','08cc21901f18424ebb4a232f8963fc1b','ACTIVE',NULL,NULL,'76ea1be479894bbeb405834dd4804cdb','MTQ00000167','USA UMA PIPETA ESTERILIZADA FORNECIDA COM O KIT PARA ASPIRAR A AMOSTRA LIQUEFEITA ATE O MENISCO DA MARCA DE VOLUME MINIMO DA PIPETA','PROCEDURE','TEXT'),(168,'2017-08-28 09:27:27','08cc21901f18424ebb4a232f8963fc1b','ACTIVE',NULL,NULL,'93570c368d2b4bccb810cc747d52aa18','MTQ00000168','DEIXA ENCUBAR 15 MINUTOS A TEMPERATURA AMBIENTE E ASSEGURA O CONTROLO DO TEMPO','PROCEDURE','TEXT'),(169,'2017-08-28 09:28:34','08cc21901f18424ebb4a232f8963fc1b','ACTIVE',NULL,NULL,'ff600d592b684509a7888e9d4ec5ba9d','MTQ00000169','ABRE CUIDADOSAMENTE A TAMPA DO CARTUCHO, TRANSFERE A AMOSTRA ATRAVES DA PORTA ABERTA DO CARTUCHO XPERT MTB/RIF E DISPRESA LENTAMENTE A AMOSTRA PARA MINIMIZAR O RISCO DE FORMACAO DE AEROSSOIS?','PROCEDURE','TEXT'),(170,'2017-08-28 09:34:35','08cc21901f18424ebb4a232f8963fc1b','ACTIVE',NULL,NULL,'c2e6115fe670470aaad0bd638a28417a','MTQ00000170','FECHA A TAMPA DO CARTUCHO, ASSEGURA QUE A TAMPA ESTEJA DEVIDAMENTE FECHADA E CONSERVA AMOSTRA RESTANTE PARA USO EM CASO DE ERRO','PROCEDURE','TEXT'),(171,'2017-08-28 09:38:00','08cc21901f18424ebb4a232f8963fc1b','ACTIVE',NULL,NULL,'05907c9759494bdfbc4ef082e33dd53c','MTQ00000171','LIGA CORRECTAMENTE O COMPUTADOR SEGUINDO, O INSTRUMENTO GENEXPERT DX E FAZ O DUPLO CLIQUE NO ICONE DE ATALHO DO GENEXPERT DX?','PROCEDURE','TEXT'),(172,'2017-08-28 09:39:52','08cc21901f18424ebb4a232f8963fc1b','ACTIVE',NULL,NULL,'98c2946376474ee297ebbd364c11b5ee','MTQ00000172','INTRODUZ CORRECTAMENTE O NOME DO UTILIZADOR, SEGUIDO DE PASSWORD PARA INICIAR O SISTEMA GENEXPERT DX?','PROCEDURE','TEXT'),(173,'2017-08-28 09:42:22','08cc21901f18424ebb4a232f8963fc1b','ACTIVE',NULL,NULL,'28878dd48bfd438ca2c1303c29b5fafb','MTQ00000173','APLICA DUPLO CLICK NA JANELA DO SISTEMA GENEXPERT DX PARA ABRIR A JANELA CREATE TEST (CRIAR TESTE), ONDE E APRESENTADA A CAIXA DE DIALOGO SCAN SAMPLE ID (LER CODIGO DE BARRAS DA ID DA AMOSTRA)','PROCEDURE','TEXT'),(174,'2017-08-28 09:49:35','08cc21901f18424ebb4a232f8963fc1b','ACTIVE',NULL,NULL,'2a46cf8752bd44f1b56ba70892f56b43','MTQ00000174','ASSEGURA A INTRODUCAO CORRECTA DOS DADOS DO PACIENTE OU ID DA AMOSTRA E EM SEGUIDA COLOCA O CARTUCHO NA JANELA CORRECTA?','PROCEDURE','TEXT'),(175,'2017-08-28 09:50:22','08cc21901f18424ebb4a232f8963fc1b','ACTIVE',NULL,NULL,'41412444bc5b4bcb96ac11c8c9ee4316','MTQ00000175','APOS O TESTE TERMINAR O PROCESSAMENTO, ASSEGURA QUE O EQUIPAMENTO SINALIZE ANTES DE ABRIR A JANELA PARA REMOVER CARTUCHO','PROCEDURE','TEXT'),(176,'2017-08-28 09:51:35','08cc21901f18424ebb4a232f8963fc1b','ACTIVE',NULL,NULL,'98612024b0c548729843e0c2c72cfa1e','MTQ00000176','REMOVE O CARTUCHO COM DELICADEZA E DESCARTA CORRECTAMENTE NO BALDE DE LIXO DESTINADO AO LIXO INFECCIOSO?','PROCEDURE','TEXT'),(177,'2017-08-28 09:52:53','08cc21901f18424ebb4a232f8963fc1b','ACTIVE',NULL,NULL,'de13048272b447608f0d23e1394044f7','MTQ00000177','VALIDA, IMPRIME, ANEXA O RESULTADO NA RESPECTIVA REQUISICAO PARA LIBERAR AO PACIENTE OU ENTREGAR A RECEPCAO?','PROCEDURE','TEXT'),(178,'2017-08-28 09:54:20','08cc21901f18424ebb4a232f8963fc1b','ACTIVE',NULL,NULL,'05facbfff77d4086bdea20d2d928d6ea','MTQ00000178','ARRUMA O MATERIAL, DESINFECTA O EQUIPAMENTO E A BANCADA, REGISTA NOS RESPECTIVOS FORMULARIOS','PROCEDURE','TEXT'),(179,'2017-08-28 10:21:33','08cc21901f18424ebb4a232f8963fc1b','ACTIVE',NULL,NULL,'1616bf7d49be4a8ea28a20bb9af1dfe3','MTQ00000179','ASSEGURA A CORRECTA CONSERVACAO DOS KITS DE TESTES (TEMPERATURAS ENTRE 2-30 GRAUS)','PREPARATION','TEXT'),(180,'2017-08-28 10:23:39','08cc21901f18424ebb4a232f8963fc1b','ACTIVE',NULL,NULL,'d68a099465024a0695f282eed49516e0','MTQ00000180','VERIFICA A DISPONIBILIDADE DE TODOS ITENS DO KIT ANTES DE UTILIZAR','PREPARATION','TEXT'),(181,'2017-08-28 10:24:36','08cc21901f18424ebb4a232f8963fc1b','ACTIVE',NULL,NULL,'fe0312132eb645dd8bdd0cff9279010d','MTQ00000181','UTILIZA APENAS ITENS DENTRO DO PRAZO DE VALIDADE E QUE NAO ESTEJAM DANIFICADOS','PREPARATION','TEXT'),(182,'2017-08-28 10:25:18','08cc21901f18424ebb4a232f8963fc1b','ACTIVE',NULL,NULL,'8d519c6fd2864bf49b36a0af1f1bf938','MTQ00000182','ASSEGURA A ESTABILIZACAO DO KIT DE TESTES E AMOSTRAS PREVIAMENTE CONSERVADAS, A TEMPERATURA AMBIENTE ANTES DE UTILIZAR (PELO MENOS 20 MINUTOS)','PREPARATION','TEXT'),(183,'2017-08-28 10:25:55','08cc21901f18424ebb4a232f8963fc1b','ACTIVE',NULL,NULL,'12a91785e36049228b8cfdbf0ce62bbe','MTQ00000183','OBSERVA SEMPRE E COM ANTECEDENCIA, AS PRECAUCOES DE SEGURANCA UNIVERSAIS AO MANUSEAR AMOSTRAS E/OU UTENTES E OBJECTOS PERFUROCORTANTES','PREPARATION','TEXT'),(184,'2017-08-28 10:27:05','08cc21901f18424ebb4a232f8963fc1b','ACTIVE',NULL,NULL,'26e23e75a8ae414b9ca67922096afcfe','MTQ00000184','MANTEM AS AREAS DE TRABALHO LIMPAS E ORGANIZADAS','PREPARATION','TEXT'),(185,'2017-08-28 10:28:46','08cc21901f18424ebb4a232f8963fc1b','ACTIVE',NULL,NULL,'78bc2eff330e46888647a4ec9abb7a9f','MTQ00000185','ASSEGURA A DISPONIBILIDADE DE INSTRUCOES ESPECIFICAS PARA REALIZAR ESTE TESTE','PREPARATION','TEXT'),(186,'2017-08-28 10:29:22','08cc21901f18424ebb4a232f8963fc1b','ACTIVE',NULL,NULL,'88164344fbda4b5193bc0495162c71b4','MTQ00000186','DISPOE DE UM CRONOMETRO PARA O CONTROLO DO TEMPO PARA LER O RESULTADO DO TESTE','PREPARATION','TEXT'),(187,'2017-08-28 10:30:04','08cc21901f18424ebb4a232f8963fc1b','ACTIVE',NULL,NULL,'bbeefb00055c4dd7a503e14e12259aa2','MTQ00000187','ASSEGURA QUE AO INICIAR UM NOVO LOT, FAZ-SE RESPECTIVO CONTROLO (POSITIVO E NEGATIVO)','PREPARATION','TEXT'),(188,'2017-08-28 10:30:59','08cc21901f18424ebb4a232f8963fc1b','ACTIVE',NULL,NULL,'c7d5d28c584b42f0b8ee7419c1197a2f','MTQ00000188','ASSEGURA O REGISTO DOS RESULTADOS DE CONTROLES A CADA NOVO LOT DE TESTE','PREPARATION','TEXT'),(189,'2017-08-28 10:32:38','08cc21901f18424ebb4a232f8963fc1b','ACTIVE',NULL,NULL,'bb974971c6b44a82857782f120c081c5','MTQ00000189','REUNE OS ITENS DO TESTE E OUTROS CONSUMIVEIS NECESSARIOS (BOLAS DE ALGODAO, ALCOOL DESINFECTANTE)','PROCEDURE','TEXT'),(190,'2017-08-28 10:33:40','08cc21901f18424ebb4a232f8963fc1b','ACTIVE',NULL,NULL,'a2975911c5514940ad9fbe9bf7b1c030','MTQ00000190','UTILIZA 1 TIRA POR UTENTE E REGISTA O NUMERO DE LOTE E O PRAZO DE VALIDADE','PROCEDURE','TEXT'),(191,'2017-08-28 10:38:41','08cc21901f18424ebb4a232f8963fc1b','ACTIVE',NULL,NULL,'c9ea594d8dc2470a827853265f40d80e','MTQ00000191','CERTIFICAR-SE DE QUE PRESERVA O NUMERO DE LOTE NA EMBALAGEM DE TIRAS REMANESCENTES','PROCEDURE','TEXT'),(192,'2017-08-28 10:39:29','08cc21901f18424ebb4a232f8963fc1b','ACTIVE',NULL,NULL,'fffb571ffdaf4c2f8b0ba6be4aa3b4a6','MTQ00000192','ASSEGURA A MANUTENCAO DO REMANESCENTE DE TESTE NA RESPECTIVA EMBALAGEM','PROCEDURE','TEXT'),(193,'2017-08-28 10:40:40','08cc21901f18424ebb4a232f8963fc1b','ACTIVE',NULL,NULL,'fa0e086911cb40ec877c222cf85655fc','MTQ00000193','IDENTIFICA A TIRA DE TESTE COM O NUMERO DE IDENTIFICACAO DO CLIENTE','PROCEDURE','TEXT'),(194,'2017-08-28 10:41:10','08cc21901f18424ebb4a232f8963fc1b','ACTIVE',NULL,NULL,'72ceb651cdb84135b384c78c6dc4716c','MTQ00000194','REMOVE CORRECTAMENTE A PELICULA PROTETORA DE ALUMINIO (DE CIMA PARA BAIXO)?','PROCEDURE','TEXT'),(195,'2017-08-28 10:45:32','08cc21901f18424ebb4a232f8963fc1b','ACTIVE',NULL,NULL,'0b71a555e4d34fdbb2420d61f748659a','MTQ00000195','PREPARA O PACIENTE PARA A PICADA (EXPLICAR O PROCEDIMENTO, MASSAGEM NO DEDO)','PROCEDURE','TEXT'),(196,'2017-08-28 10:46:25','08cc21901f18424ebb4a232f8963fc1b','ACTIVE',NULL,NULL,'1c6ea11f631d4579ab357079fb87cb35','MTQ00000196','DESINFECTA CORRETAMENTE A AREA DA PUNCAO CAPILAR','PROCEDURE','TEXT'),(197,'2017-08-28 10:47:34','08cc21901f18424ebb4a232f8963fc1b','ACTIVE',NULL,NULL,'23bbb129747f4cf691e9fba418e43112','MTQ00000197','FAZ A PUNCAO CAPILAR DE FORMA ADEQUADA E NO LOCAL CORRETO','PROCEDURE','TEXT'),(198,'2017-08-28 10:54:06','08cc21901f18424ebb4a232f8963fc1b','ACTIVE',NULL,NULL,'3495904d9925498ea6fdd2d9b71285cd','MTQ00000198','DESPRESA AS DUAS PRIMEIRAS GOTAS DE SANGUE ANTES DE COLHER PARA O CAPILAR','PROCEDURE','TEXT'),(199,'2017-08-28 10:54:49','08cc21901f18424ebb4a232f8963fc1b','ACTIVE',NULL,NULL,'9960f54168044f42a64871c6c167b4c6','MTQ00000199','SEGURA COM FIRMEZA O TUBO CAPILAR PARA COLHEITA DA AMOSTRA','PROCEDURE','TEXT'),(200,'2017-08-28 10:55:09','08cc21901f18424ebb4a232f8963fc1b','ACTIVE',NULL,NULL,'9e8ad0d2cf024dbbafeff26fc2666ae0','MTQ00000200','COLHE 50 ΜL DE AMOSTRA COM UM TUBO CAPILAR (ATE A 1ª LINHA LIMITE) OU UMA PIPETA DE PRECISAO','PROCEDURE','TEXT'),(201,'2017-08-28 10:57:28','08cc21901f18424ebb4a232f8963fc1b','ACTIVE',NULL,NULL,'0cffb963b05e4699b575ba7db9a47781','MTQ00000201','DEPOSITA A AMOSTRA NA ALMOFADA ABSORVENTE DA TIRA DO TESTE','PROCEDURE','TEXT'),(202,'2017-08-28 10:58:42','08cc21901f18424ebb4a232f8963fc1b','ACTIVE',NULL,NULL,'ca305d1bcda04794a9f66d461acac700','MTQ00000202','ADICIONA UMA GOTA DO REAGENTE DE DETECAO NA ZONA DE ABSORCAO DA AMOSTRA (APENAS NO CASO DE SANGUE TOTAL)','PROCEDURE','TEXT'),(203,'2017-08-28 10:59:44','08cc21901f18424ebb4a232f8963fc1b','ACTIVE',NULL,NULL,'84809966a25b4583987dfc9bf2375aee','MTQ00000203','ASSEGURA O CONTROLO DO TEMPO PARA  LEITURA DOS RESULTADOS (15 - 60 MINUTOS)','PROCEDURE','TEXT'),(204,'2017-08-28 11:01:02','08cc21901f18424ebb4a232f8963fc1b','ACTIVE',NULL,NULL,'661aa2e51805484daebbb28adc93abd7','MTQ00000204','INTERPRETA CORRECTAMENTE O RESULTADO DO TESTE','PROCEDURE','TEXT'),(205,'2017-08-28 11:01:42','08cc21901f18424ebb4a232f8963fc1b','ACTIVE',NULL,NULL,'b9886bd525a74742bd50638cbc6e3367','MTQ00000205','ASSEGURA O DESCARTE CORRECTO DO MATERIAL UTILIZADO','PROCEDURE','TEXT'),(206,'2017-08-28 11:02:20','08cc21901f18424ebb4a232f8963fc1b','ACTIVE',NULL,NULL,'7e832061a3d94817bb40ad57c7faf1b4','MTQ00000206','REPETE O TESTE EM CASOS DE NECESSIDADE','PROCEDURE','TEXT'),(207,'2017-08-28 11:02:56','08cc21901f18424ebb4a232f8963fc1b','ACTIVE',NULL,NULL,'d8d766d559e14f549abe15b3439d5db3','MTQ00000207','REALIZA O TESTE DE CONFIRMACAO EM CASO DE RESULTADO POSITIVO?','PROCEDURE','TEXT'),(208,'2017-08-28 11:10:36','08cc21901f18424ebb4a232f8963fc1b','ACTIVE',NULL,NULL,'422d109e04cf46549ae64405f25abf70','MTQ00000208','REGISTA O RESULTADO DO TESTE E INFORMACOES PERTINENTES DO UTENTE NA FICHA DE TRABALHO?','REGISTRATION_AND_MANAGEMENT','TEXT'),(209,'2017-08-28 11:11:18','08cc21901f18424ebb4a232f8963fc1b','ACTIVE',NULL,NULL,'862db58fe5be4d8485fa8514c8f63f55','MTQ00000209','ASSEGURA O REGISTO DE RESULTADO INVALIDO','REGISTRATION_AND_MANAGEMENT','TEXT'),(210,'2017-08-28 11:20:48','08cc21901f18424ebb4a232f8963fc1b','ACTIVE',NULL,NULL,'c24306fa84c1410581a96423a282a3de','MTQ00000210','REMOVE COM CUIDADO O DISPOSITIVO DA EMBALAGEM?','PROCEDURE','TEXT'),(211,'2017-08-28 11:21:28','08cc21901f18424ebb4a232f8963fc1b','ACTIVE',NULL,NULL,'7bde066309674e1f8cdc914932272043','MTQ00000211','ASSEGURA A IDENTIFICACAO DO DISPOSITIVO COM NUMERO DE IDENTIFICACAO DO UTENTE','PROCEDURE','TEXT'),(212,'2017-08-28 11:24:51','08cc21901f18424ebb4a232f8963fc1b','ACTIVE',NULL,NULL,'16d892c39c654974883dd28309683cc0','MTQ00000212','DEPOSITA DUAS GOTAS DE AMOSTRA (APROX. 60 ΜL) NO POCO CORRESPONDENTE DO DISPOSITIVO?','PROCEDURE','TEXT'),(213,'2017-08-28 11:25:44','08cc21901f18424ebb4a232f8963fc1b','ACTIVE',NULL,NULL,'6f71d678232c42ed8aa6542b0f9d81a5','MTQ00000213','ADICIONA DUAS GOTAS DO REAGENTE DE LAVAGEM (APROX. 60 ΜL) NO POCO DA AMOSTRA (SANGUE TOTAL, PLASMA OU SORO)','PROCEDURE','TEXT'),(214,'2017-08-28 11:26:46','08cc21901f18424ebb4a232f8963fc1b','ACTIVE',NULL,NULL,'faa4ef4ba32d49ab91b2417405d8c1ae','MTQ00000214','ASSEGURA O CONTROLO DO TEMPO PARA  LEITURA DOS RESULTADOS (10 - 20 MINUTOS)','PROCEDURE','TEXT'),(215,'2017-08-28 11:58:52','08cc21901f18424ebb4a232f8963fc1b','ACTIVE',NULL,NULL,'a2c73ad6ed874a7aaab245919a9dd776','MTQ00000215','APRESENTA-SE AO PACIENTE E EXPLICA AS ANALISES (EXAMES) QUE FORAM REQUISITAS?','PROCEDURE','TEXT'),(216,'2017-08-28 11:59:59','08cc21901f18424ebb4a232f8963fc1b','ACTIVE',NULL,NULL,'6029ead51bc0415bb09bf7a9e5eafcf9','MTQ00000216','EXPLICA AO \"PACIENTE\" QUAL O PROCEDIMENTO QUE ELE / ELA VAI FAZER','PROCEDURE','TEXT'),(217,'2017-08-28 12:00:44','08cc21901f18424ebb4a232f8963fc1b','ACTIVE',NULL,NULL,'218adc5fb2f74e1fbef8bd8570d700d0','MTQ00000217','ASSEGURA O PREENCHIMENTO  CORRECTO E COMPLETO DO FORMULARIO DE SOLICITACAO DO RESULTADO','PROCEDURE','TEXT'),(218,'2017-08-28 12:02:32','08cc21901f18424ebb4a232f8963fc1b','ACTIVE',NULL,NULL,'ccba7bc032bc499a9eb65f6140153f58','MTQ00000218','ASSEGURA A DISPONIBILIDADE DO MATERIAL NECESSARIO PARA A COLHEITA DE AMOSTRA E PREPARACAO DO DBS NA ESTACAO DE TRABALHO','PREPARATION','TEXT'),(219,'2017-08-28 12:03:07','08cc21901f18424ebb4a232f8963fc1b','ACTIVE',NULL,NULL,'5d44e2c96e57437aa45950dadeae881b','MTQ00000219','ASSEGURA QUE CONSUMIVEIS UTILIZADOS ESTAO DENTRO DOS PRAZOS DE VALIDADE','PREPARATION','TEXT'),(220,'2017-08-28 12:03:31','08cc21901f18424ebb4a232f8963fc1b','ACTIVE',NULL,NULL,'2f333e9ecdbc449d91169a30427cd50a','MTQ00000220','COMPARA AS INFORMACOES DE IDENTIFICACAO DO PACIENTE COM A REQUISICAO?','PREPARATION','TEXT'),(221,'2017-08-28 12:04:07','08cc21901f18424ebb4a232f8963fc1b','ACTIVE',NULL,NULL,'8883ff75f0184a3ba45885ca85e9853c','MTQ00000221','OBSERVA COM RIGOR AS PRECAUCOES UNIVERSAIS DE BIOSSEGURANCA?','PREPARATION','TEXT'),(222,'2017-08-28 12:04:34','08cc21901f18424ebb4a232f8963fc1b','ACTIVE',NULL,NULL,'a86182d13a8e470bafdb4c2990b121c6','MTQ00000222','MONTA O ESTANTE SECADOR DE AMOSTRAS NUM LOCAL SEGURO, FRESCO, SECO E SEM INFILTRACAO SOLAR','PREPARATION','TEXT'),(223,'2017-08-28 12:05:37','08cc21901f18424ebb4a232f8963fc1b','ACTIVE',NULL,NULL,'de7a17a5c69348d8a9e48061bccd37d7','MTQ00000223','POSICIONA  O PACIENTE E APLICA CORRECTAMENTE O GARROTE?','PROCEDURE','TEXT'),(224,'2017-08-28 12:06:19','08cc21901f18424ebb4a232f8963fc1b','ACTIVE',NULL,NULL,'3d6f53a5bfe74ddfa8a88059b80f4644','MTQ00000224','SOLICITA O PACIENTE PARA CERRAR O PUNHO?','PROCEDURE','TEXT'),(225,'2017-08-28 12:08:15','08cc21901f18424ebb4a232f8963fc1b','ACTIVE',NULL,NULL,'5635a98b90424f6fb98f55e0e1238827','MTQ00000225','APALPA A AREA ANTECUBITAL PARA SELECIONAR CORRECTAMENTE O LOCAL DA PUNCAO VENOSA?','PROCEDURE','TEXT'),(226,'2017-08-28 12:08:45','08cc21901f18424ebb4a232f8963fc1b','ACTIVE',NULL,NULL,'b6bdbb5723ed482091a71454d8a5690c','MTQ00000226','INSERE A AGULHA, BISEL PARA CIMA EM UM ANGULO DE 30 GRAUS OU MENOS?','PROCEDURE','TEXT'),(227,'2017-08-28 12:11:00','08cc21901f18424ebb4a232f8963fc1b','ACTIVE',NULL,NULL,'e17ae36c82db412684345749b694af1f','MTQ00000227','SUAVEMENTE EMPURRA O TUBO NO SUPORTE, SEM ALTERAR A POSICAO DA AGULHA?','PROCEDURE','TEXT'),(228,'2017-08-28 12:11:31','08cc21901f18424ebb4a232f8963fc1b','ACTIVE',NULL,NULL,'27d60a018dd74e6ca3883687e12bf181','MTQ00000228','AJUSTA AGULHA, SE NECESSARIO, PARA OBTER O FLUXO DE SANGUE ?','PROCEDURE','TEXT'),(229,'2017-08-28 12:12:56','08cc21901f18424ebb4a232f8963fc1b','ACTIVE',NULL,NULL,'e21c954e0b74415990980fb456327f27','MTQ00000229','AFROUXA O TORNIQUETE QUANDO O SANGUE COMECA A FLUIR?','PROCEDURE','TEXT'),(230,'2017-08-28 12:14:12','08cc21901f18424ebb4a232f8963fc1b','ACTIVE',NULL,NULL,'dda52b17d86946aa98204384bab3b96d','MTQ00000230','PREENCHE O TUBO DE VACUO COM EDTA, O VOLUME CORRECTO (4 ML)?','PROCEDURE','TEXT'),(231,'2017-08-28 12:16:04','08cc21901f18424ebb4a232f8963fc1b','ACTIVE',NULL,NULL,'0e157b659f16408bbe61fbadcc0dcddd','MTQ00000231','HOMOGENEIZA (MISTURA) CORRECTAMENTE O SANGUE COM ANTICOAGULANTE DO TUBO?','PROCEDURE','TEXT'),(232,'2017-08-28 12:16:55','08cc21901f18424ebb4a232f8963fc1b','ACTIVE',NULL,NULL,'574efe6235d649cfb2ebbf42d9d14bc7','MTQ00000232','RETIRA A AGULHA DO BRACO SUAVEMENTE?','PROCEDURE','TEXT'),(233,'2017-08-28 12:17:30','08cc21901f18424ebb4a232f8963fc1b','ACTIVE',NULL,NULL,'f4fe2b65bcb442f79a2f8f70db6b1fee','MTQ00000233','DESCARTA DA AGULHA CORRETAMENTE E COM SEGURANCA?','PROCEDURE','TEXT'),(234,'2017-08-28 12:18:55','08cc21901f18424ebb4a232f8963fc1b','ACTIVE',NULL,NULL,'714a9a8fb99a49b6baa3d8d0162fe1cb','MTQ00000234','APLICA A PRESSAO AO LOCAL COM UM CURATIVO APOS A RETIRADA DA AGULHA?','PROCEDURE','TEXT'),(235,'2017-08-28 12:19:24','08cc21901f18424ebb4a232f8963fc1b','ACTIVE',NULL,NULL,'ad6b6a33281f42f4aaff0ba3ebe89396','MTQ00000235','IDENTIFICA CORRECTAMENTE O DBS (NOME, NID E DATA DE COLHEITA)','IMPREGNATION','TEXT'),(236,'2017-08-28 12:19:56','08cc21901f18424ebb4a232f8963fc1b','ACTIVE',NULL,NULL,'a5ac0e65515248b29bdbc185f8027d36','MTQ00000236','APLICA UMA GOTA ( MINIMO 50 UL) DE SANGUE EM CADA UM DOS 5 CIRCULOS DO DBS UTILIZANDO UMA PIPETA DO KIT DE DBS?','IMPREGNATION','TEXT'),(237,'2017-08-28 12:20:17','08cc21901f18424ebb4a232f8963fc1b','ACTIVE',NULL,NULL,'de952f2e1df24052bb680d7721f84287','MTQ00000237','DEIXA SECAR A TEMPERATURA AMBIENTE NA ESTANTE DE SECAGEM','IMPREGNATION','TEXT'),(238,'2017-08-28 12:20:43','08cc21901f18424ebb4a232f8963fc1b','ACTIVE',NULL,NULL,'02b6b0d42c8141f095a52ecde7de64fd','MTQ00000238','DESINFECTA A AREA DE TRABALHO','IMPREGNATION','TEXT'),(239,'2017-08-28 12:21:06','08cc21901f18424ebb4a232f8963fc1b','ACTIVE',NULL,NULL,'25ac2515048a4a549e0806f4b72e92e7','MTQ00000239','ASSEGURA A SECAGEM  DA AMOSTRA DURANTE 24H?','IMPREGNATION','TEXT'),(240,'2017-08-28 12:22:12','08cc21901f18424ebb4a232f8963fc1b','ACTIVE',NULL,NULL,'ef037ce1ffb147949b1c1d6d627dbcc3','MTQ00000240','COLOCA CADA  DBS EM UM ZIPLOCK  MENOR (EMBALAGEM PRIMARIA)?','PACKING','TEXT'),(241,'2017-08-28 12:22:37','08cc21901f18424ebb4a232f8963fc1b','ACTIVE',NULL,NULL,'590e7e346e8847f28d73e93e32eef72c','MTQ00000241','ADICIONA 3 SILICAS EM CADA ZIPLOCK MENOR COM UM DBS','PACKING','TEXT'),(242,'2017-08-28 12:22:57','08cc21901f18424ebb4a232f8963fc1b','ACTIVE',NULL,NULL,'bb62240106e244c892842d596e41b848','MTQ00000242','ADICIONA UM INDICADOR DE HUMIDADE EM CADA ZIPLOCK MENOR COM UM DBS','PACKING','TEXT'),(243,'2017-08-28 12:23:25','08cc21901f18424ebb4a232f8963fc1b','ACTIVE',NULL,NULL,'c8cf5249f82f4c7bb86e0cd20678286b','MTQ00000243','COLOCA NO ZIPLOCK MEDIO, NO  MAXIMO CINCO  AMOSTRAS  PREVIAMENTE EMBALADAS EM  ZIPLOCKS MENORES (EMBALAGEM SECUNDARIA)','PACKING','TEXT'),(244,'2017-08-28 12:24:38','08cc21901f18424ebb4a232f8963fc1b','ACTIVE',NULL,NULL,'ac05d922116e4d388bb9d239298cd5bc','MTQ00000244','COLOCA  NO ZIPLOCK MAIOR  NO MAXIMO 3 ZIPLOCKS  MEDIOS E OS RESPECTIVOS FSR  OU O PROTOCOLO IMPRESSO NO DISA LINK ( EMBALAGEM TERCIARIA)?','PACKING','TEXT'),(245,'2017-08-28 12:25:03','08cc21901f18424ebb4a232f8963fc1b','ACTIVE',NULL,NULL,'817298716ee947c08646175201eecd01','MTQ00000245','REMOVE  AS LUVAS E HIGIENIZA AS MAOS','PACKING','TEXT'),(246,'2017-08-28 12:26:07','08cc21901f18424ebb4a232f8963fc1b','ACTIVE',NULL,NULL,'1a72bd8b09d84ba0a4cc13c1052c3882','MTQ00000246','ASSEGURA O TRANSPORTE DE  AMOSTRAS AO LABORATORIO ATRAVES DO SISTEMA DE REFERENCIA COM OS RESPECTIVOS PROTOCOLOS','PACKING','TEXT'),(247,'2017-08-28 12:27:07','08cc21901f18424ebb4a232f8963fc1b','ACTIVE',NULL,NULL,'19c2852b6824452ba8f96d1648cb9d98','MTQ00000247','ASSEGURA O REGISTO CORRECTO DOS DADOS DO PACIENTE E DA AMOSTRA,  NO DIA DA COLHEITA, DO ENVIO E DE CHEGADA DO RESULTADO,  NO LIVRO DE REGISTO DE CARGA VIRAL?','REGISTRATION_AND_MANAGEMENT','TEXT'),(248,'2017-08-28 12:29:06','08cc21901f18424ebb4a232f8963fc1b','ACTIVE',NULL,NULL,'4cb1a386775342058ce95ea0dfd83782','MTQ00000248','ASSEGURA  A DISPONIBILIDADE DO RESULTADO AO PACIENTE?','REGISTRATION_AND_MANAGEMENT','TEXT'),(249,'2017-08-28 12:29:37','08cc21901f18424ebb4a232f8963fc1b','ACTIVE',NULL,NULL,'b8b665a53102443c805349608efecf2d','MTQ00000249','ELABORA CORRECTAMENTE OS RELATORIOS DE CONSUMO DE DBS','REGISTRATION_AND_MANAGEMENT','TEXT'),(250,'2017-08-28 15:14:01','08cc21901f18424ebb4a232f8963fc1b','ACTIVE',NULL,NULL,'02a181af7114465894baaf2315870491','MTQ00000250','UTILIZA ADEQUADAMENTE O PROTOCOLO DE REFERENCIA INTERNO OU DE REFERENCIA NACIONAL DE AMOSTRAS ?','REGISTRATION_AND_MANAGEMENT','TEXT'),(251,'2017-08-28 15:47:21','08cc21901f18424ebb4a232f8963fc1b','ACTIVE',NULL,NULL,'b924b0d7f4fe4e0f9293e39717db7aaf','MTQ00000251','ASSEGURA O POSICIONAMENTO CORRECTO DA A CRIANCA NO PEITO DA MAE','PROCEDURE','TEXT'),(252,'2017-08-28 15:48:16','08cc21901f18424ebb4a232f8963fc1b','ACTIVE',NULL,NULL,'92cfe11e6eaf425a83cc6de6a81e1c85','MTQ00000252','SELECIONA O LOCAL IDEAL PARA PUNCAO DIGITAL (DEDO OU CALCANHAR DA CRIANCA)?','PROCEDURE','TEXT'),(253,'2017-08-28 15:49:43','08cc21901f18424ebb4a232f8963fc1b','ACTIVE',NULL,NULL,'579e782bc8d84dc79d479d2117a43e3b','MTQ00000253','DESINFECTA O LOCAL DA PUNCAO USANDO ALCOOL IMPREGNADO NA GASE (DO KIT)?','IMPREGNATION','TEXT'),(254,'2017-08-28 15:52:03','08cc21901f18424ebb4a232f8963fc1b','ACTIVE',NULL,NULL,'2a58fe34a3f84d7cbc06a6f757860513','MTQ00000254','PUNCIONA O LOCAL USANDO USANDO LANCETA DO KIT','IMPREGNATION','TEXT'),(255,'2017-08-28 15:56:47','08cc21901f18424ebb4a232f8963fc1b','ACTIVE',NULL,NULL,'cce8e9c39fa74e48b3d2af84b72c26ad','MTQ00000255','LIMPA A PRIMEIRA GOTA UTILIZANDO UMA GAZE DO KIT E ASSEGURA O DESCARTE EM RECIPIENTE APROPRIADO?','IMPREGNATION','TEXT'),(256,'2017-08-28 15:58:34','08cc21901f18424ebb4a232f8963fc1b','ACTIVE',NULL,NULL,'5d1f12d8823b441e8d12eed562f8fdbb','MTQ00000256','APLICA A PRESSAO AO LOCAL COM UM CURATIVO PARA ESTANCAR A HEMORRAGIA ?','IMPREGNATION','TEXT');
UNLOCK TABLES;

-- TABLE STRUCTURE FOR TABLE `FORMS`
DROP TABLE IF EXISTS `FORMS`;
CREATE TABLE `FORMS` (
  `ID` bigint(20) NOT NULL AUTO_INCREMENT,
  `CREATED_AT` datetime NOT NULL,
  `CREATED_BY` varchar(50) NOT NULL,
  `LIFE_CYCLE_STATUS` varchar(100) NOT NULL,
  `UPDATED_AT` datetime DEFAULT NULL,
  `UPDATED_BY` varchar(50) DEFAULT NULL,
  `UUID` varchar(50) NOT NULL,
  `CODE` varchar(50) NOT NULL,
  `DESCRIPTION` varchar(255) NOT NULL,
  `NAME` varchar(150) NOT NULL,
  `PROGRAMMATIC_AREA_ID` bigint(20) NOT NULL,
  PRIMARY KEY (`ID`),
  UNIQUE KEY `UK_jy18kqb3mfw4fqhub2skebd72` (`CODE`),
  KEY `FK_2vshqrp7tdm59cuwkxdmp2iuo` (`PROGRAMMATIC_AREA_ID`),
  CONSTRAINT `FK_2vshqrp7tdm59cuwkxdmp2iuo` FOREIGN KEY (`PROGRAMMATIC_AREA_ID`) REFERENCES `PROGRAMMATIC_AREAS` (`ID`)
) ENGINE=InnoDB AUTO_INCREMENT=12 DEFAULT CHARSET=utf8;

-- DUMPING DATA FOR TABLE `FORMS`
LOCK TABLES `FORMS` WRITE;
INSERT INTO `FORMS` VALUES (1,'2017-05-30 11:32:09','f443bbb66fe949558938f3c9a7a32690','ACTIVE',NULL,NULL,'cfcd5ec7c23845adbaa9dd869dc26b01','MT00000001','Este formulário é para verificar as competências dos funcionários que elaboram a o resumo mensal na area do aconselhamento e testagem inciada pelo Provedor','TABELA DE VERIFICAÇÃO DAS COMPETÊNCIAS NO M&E ATIP',1),(2,'2017-05-30 12:03:04','f443bbb66fe949558938f3c9a7a32690','ACTIVE',NULL,NULL,'9de2b44a6f7b438fb0c3b04ea027874c','MT00000002','Este formulário é para a verificação de competências dos usuários do OpenMRS','TABELA DE VERIFICAÇÃO DAS COMPETÊNCIAS EM M&E NO OPENMRS',1),(3,'2017-05-30 16:36:24','f443bbb66fe949558938f3c9a7a32690','ACTIVE',NULL,NULL,'9ca4a50a7a3e48ee9f39c018cfd508dc','MT00000003','Formulário de competência para profissionais de saúde (ESMI)','TABELA DE VERIFICAÇÃO DAS COMPETÊNCIAS EM M&E CPN',1),(4,'2017-08-27 19:45:47','08cc21901f18424ebb4a232f8963fc1b','ACTIVE','2017-08-29 15:11:19','08cc21901f18424ebb4a232f8963fc1b','8b347975504a4b0aaa61b70b4ab6efce','MT00000004','NA','OPERACAO DO PIMA PARA A CONTAGEM DE LINFOCITOS T-CD4',2),(5,'2017-08-27 21:16:27','08cc21901f18424ebb4a232f8963fc1b','ACTIVE','2017-08-29 16:50:02','08cc21901f18424ebb4a232f8963fc1b','76f3741f214e487fbdff6427a5a1ca8f','MT00000005','NA','DIAGNOSTICO DE TB POR METODO DE ZIELH-NEELSEN',2),(6,'2017-08-28 08:36:27','08cc21901f18424ebb4a232f8963fc1b','ACTIVE','2017-08-29 16:51:47','08cc21901f18424ebb4a232f8963fc1b','54c731c8b47b413392a110b1c25effd1','MT00000006','NA','DIAGNOSTICO DE TB POR METODO DE AURAMINA \"O\"',2),(7,'2017-08-28 10:02:52','08cc21901f18424ebb4a232f8963fc1b','ACTIVE','2017-08-29 16:53:52','08cc21901f18424ebb4a232f8963fc1b','b2566bde2c89409285efd54d82891bc2','MT00000007','NA','DIAGNOSTICO DE TB GENE XPERT MTB',2),(8,'2017-08-28 11:13:39','08cc21901f18424ebb4a232f8963fc1b','ACTIVE','2017-08-29 16:54:22','08cc21901f18424ebb4a232f8963fc1b','5d453fda5c484c30b33a31e878d4c521','MT00000008','NA','TESTAGEM DE HIV USANDO O DETERMINE',2),(9,'2017-08-28 11:22:56','08cc21901f18424ebb4a232f8963fc1b','ACTIVE','2017-08-29 16:54:52','08cc21901f18424ebb4a232f8963fc1b','1187184a7f4c40b785040d68666bcb5e','MT00000009','NA','TESTAGEM DE HIV USANDO O UNIGOLD',2),(10,'2017-08-28 15:16:47','08cc21901f18424ebb4a232f8963fc1b','ACTIVE','2017-08-29 16:55:47','08cc21901f18424ebb4a232f8963fc1b','049e66361d2d4c558a1c23d5ed06b70c','MT00000010','NA','COLHEITA DE AMOSTRA E PREPARACAO DO DBS PARA CARGA VIRAL',2),(11,'2017-08-28 16:05:40','08cc21901f18424ebb4a232f8963fc1b','ACTIVE','2017-08-29 16:56:15','08cc21901f18424ebb4a232f8963fc1b','fce4cc577905433da4c71680983b4361','MT00000011','NA','COLHEITA DE AMOSTRA E PREPARACAO DO DBS PARA DPI',2);
UNLOCK TABLES;

-- TABLE STRUCTURE FOR TABLE `FORMS_QUESTIONS`
DROP TABLE IF EXISTS `FORMS_QUESTIONS`;
CREATE TABLE `FORMS_QUESTIONS` (
  `ID` bigint(20) NOT NULL AUTO_INCREMENT,
  `CREATED_AT` datetime NOT NULL,
  `CREATED_BY` varchar(50) NOT NULL,
  `LIFE_CYCLE_STATUS` varchar(100) NOT NULL,
  `UPDATED_AT` datetime DEFAULT NULL,
  `UPDATED_BY` varchar(50) DEFAULT NULL,
  `UUID` varchar(50) NOT NULL,
  `MANDATORY` bit(1) NOT NULL,
  `FORM_ID` bigint(20) NOT NULL,
  `QUESTION_ID` bigint(20) NOT NULL,
  PRIMARY KEY (`ID`),
  UNIQUE KEY `UK_5gfa1ao9vc4nymq9182408ig4` (`FORM_ID`,`QUESTION_ID`),
  KEY `FK_65y4ka36d6ei0qvtiwq1u0ssk` (`QUESTION_ID`),
  CONSTRAINT `FK_65y4ka36d6ei0qvtiwq1u0ssk` FOREIGN KEY (`QUESTION_ID`) REFERENCES `QUESTIONS` (`ID`),
  CONSTRAINT `FK_jva7738ctlcw665qamwx4is9j` FOREIGN KEY (`FORM_ID`) REFERENCES `FORMS` (`ID`)
) ENGINE=InnoDB AUTO_INCREMENT=339 DEFAULT CHARSET=utf8;

-- DUMPING DATA FOR TABLE `FORMS_QUESTIONS`
LOCK TABLES `FORMS_QUESTIONS` WRITE;
INSERT INTO `FORMS_QUESTIONS` VALUES (1,'2017-05-30 11:32:09','f443bbb66fe949558938f3c9a7a32690','ACTIVE',NULL,NULL,'56dbc617795b4b7882c992c770179329','\0',1,2),(2,'2017-05-30 11:32:09','f443bbb66fe949558938f3c9a7a32690','ACTIVE',NULL,NULL,'cf4a06848db14f1f9f1c781b0518acbb','\0',1,4),(3,'2017-05-30 11:32:09','f443bbb66fe949558938f3c9a7a32690','ACTIVE',NULL,NULL,'e7907b12facf4232b4bc59867f5cd84c','\0',1,26),(4,'2017-05-30 11:32:09','f443bbb66fe949558938f3c9a7a32690','ACTIVE',NULL,NULL,'9f87499d1fca40b9a557bd69e35ac7c0','\0',1,15),(5,'2017-05-30 11:32:09','f443bbb66fe949558938f3c9a7a32690','ACTIVE',NULL,NULL,'f19c21df5b60492f8ced3e26a51ba22e','\0',1,12),(6,'2017-05-30 11:32:09','f443bbb66fe949558938f3c9a7a32690','ACTIVE',NULL,NULL,'66a3adbaa2a747eb92fe44ac13486663','\0',1,17),(7,'2017-05-30 11:32:09','f443bbb66fe949558938f3c9a7a32690','ACTIVE',NULL,NULL,'db55376a0d954228a4121840035350a9','\0',1,11),(8,'2017-05-30 11:32:09','f443bbb66fe949558938f3c9a7a32690','ACTIVE',NULL,NULL,'68237e985a034ed5ba590663f8753628','\0',1,10),(9,'2017-05-30 11:32:09','f443bbb66fe949558938f3c9a7a32690','ACTIVE',NULL,NULL,'796426df1f3e4800b085bff52c4b86d3','\0',1,20),(10,'2017-05-30 11:32:09','f443bbb66fe949558938f3c9a7a32690','ACTIVE',NULL,NULL,'9fedaaaef86841e783eb142b08afc8f3','\0',1,19),(11,'2017-05-30 11:32:09','f443bbb66fe949558938f3c9a7a32690','ACTIVE',NULL,NULL,'6529453a44f54260bfc8edba12ef5514','\0',1,13),(12,'2017-05-30 11:32:09','f443bbb66fe949558938f3c9a7a32690','ACTIVE',NULL,NULL,'dd3da0b006014fcb85c3fb2745cf3f1a','\0',1,14),(13,'2017-05-30 11:32:09','f443bbb66fe949558938f3c9a7a32690','ACTIVE',NULL,NULL,'636091ea91f042a78f8d87703047d201','\0',1,24),(14,'2017-05-30 11:32:09','f443bbb66fe949558938f3c9a7a32690','ACTIVE',NULL,NULL,'8e0568398fae44e695bd96e8d531b091','\0',1,21),(15,'2017-05-30 11:32:09','f443bbb66fe949558938f3c9a7a32690','ACTIVE',NULL,NULL,'09a0cae8dc1f4525aca7aec3f96d7a0d','\0',1,7),(16,'2017-05-30 11:32:09','f443bbb66fe949558938f3c9a7a32690','ACTIVE',NULL,NULL,'8206df8fa33c4893a5db1fb8edb42067','\0',1,9),(17,'2017-05-30 11:32:09','f443bbb66fe949558938f3c9a7a32690','ACTIVE',NULL,NULL,'744665b00b20489bb24db54d16521277','\0',1,23),(18,'2017-05-30 11:32:09','f443bbb66fe949558938f3c9a7a32690','ACTIVE',NULL,NULL,'76a6974ade944dfa8d27f83c03559224','\0',1,22),(19,'2017-05-30 11:32:09','f443bbb66fe949558938f3c9a7a32690','ACTIVE',NULL,NULL,'69388f1cbacf4134bb86f99715ea4fcb','\0',1,8),(20,'2017-05-30 11:32:09','f443bbb66fe949558938f3c9a7a32690','ACTIVE',NULL,NULL,'37f201aa40894546a2b4c7632b64cc26','\0',1,1),(21,'2017-05-30 11:32:09','f443bbb66fe949558938f3c9a7a32690','ACTIVE',NULL,NULL,'cf0d96226690421cbbbeda1ac636b468','\0',1,16),(22,'2017-05-30 11:32:09','f443bbb66fe949558938f3c9a7a32690','ACTIVE',NULL,NULL,'d8b9668b3bbc43618cf5a8702949bd98','\0',1,5),(23,'2017-05-30 11:32:09','f443bbb66fe949558938f3c9a7a32690','ACTIVE',NULL,NULL,'1c668592fd2b4960b2bcea151706a71b','\0',1,6),(24,'2017-05-30 11:32:09','f443bbb66fe949558938f3c9a7a32690','ACTIVE',NULL,NULL,'78a50b51fe184373b532bf1687346c3b','\0',1,18),(25,'2017-05-30 11:32:09','f443bbb66fe949558938f3c9a7a32690','ACTIVE',NULL,NULL,'d5dd1aa9d57b48089068c42a285f4930','\0',1,25),(26,'2017-05-30 11:32:09','f443bbb66fe949558938f3c9a7a32690','ACTIVE',NULL,NULL,'48f18132de8d4d39ad0c338afb145753','\0',1,3),(27,'2017-05-30 12:03:04','f443bbb66fe949558938f3c9a7a32690','ACTIVE',NULL,NULL,'19230027d36e4f3bb95b31a10b776910','\0',2,30),(28,'2017-05-30 12:03:04','f443bbb66fe949558938f3c9a7a32690','ACTIVE',NULL,NULL,'6eba796e6b4b4d6b982fa1248500ff99','\0',2,47),(29,'2017-05-30 12:03:04','f443bbb66fe949558938f3c9a7a32690','ACTIVE',NULL,NULL,'f5e062578eec4acaaffbbe6b6285bb8e','\0',2,27),(30,'2017-05-30 12:03:04','f443bbb66fe949558938f3c9a7a32690','ACTIVE',NULL,NULL,'0bb7313704c14c948861e1d447b549f2','\0',2,55),(31,'2017-05-30 12:03:04','f443bbb66fe949558938f3c9a7a32690','ACTIVE',NULL,NULL,'c1d47a666ce84559b0a03885f3b96463','\0',2,41),(32,'2017-05-30 12:03:04','f443bbb66fe949558938f3c9a7a32690','ACTIVE',NULL,NULL,'3a2c2e4fb38241e6bd190a4ec2f120c5','\0',2,50),(33,'2017-05-30 12:03:04','f443bbb66fe949558938f3c9a7a32690','ACTIVE',NULL,NULL,'3cb06c81e2854c0fa19e79847e76d75c','\0',2,42),(34,'2017-05-30 12:03:04','f443bbb66fe949558938f3c9a7a32690','ACTIVE',NULL,NULL,'1007ac0a678043b9a2389e66aa60972a','\0',2,49),(35,'2017-05-30 12:03:04','f443bbb66fe949558938f3c9a7a32690','ACTIVE',NULL,NULL,'08ed59b2c9ad412db6e19cc79ced1113','\0',2,31),(36,'2017-05-30 12:03:04','f443bbb66fe949558938f3c9a7a32690','ACTIVE',NULL,NULL,'9b224b9e614d4169bff375734b51e407','\0',2,33),(37,'2017-05-30 12:03:04','f443bbb66fe949558938f3c9a7a32690','ACTIVE',NULL,NULL,'c189ae6ebc234078815743f9ea4611c8','\0',2,44),(38,'2017-05-30 12:03:04','f443bbb66fe949558938f3c9a7a32690','ACTIVE',NULL,NULL,'3b2bc049f08e4ea3a9cb8fa3a490b9dc','\0',2,32),(39,'2017-05-30 12:03:04','f443bbb66fe949558938f3c9a7a32690','ACTIVE',NULL,NULL,'ef043dec9d67406fa65636c05e9cb212','\0',2,46),(40,'2017-05-30 12:03:04','f443bbb66fe949558938f3c9a7a32690','ACTIVE',NULL,NULL,'801f3a8993ec4db6bf0dd6bb4302c35c','\0',2,37),(41,'2017-05-30 12:03:04','f443bbb66fe949558938f3c9a7a32690','ACTIVE',NULL,NULL,'ab07351e41d348d5a6676ea718ebc594','\0',2,40),(42,'2017-05-30 12:03:04','f443bbb66fe949558938f3c9a7a32690','ACTIVE',NULL,NULL,'7f7128e898fe4286bae51f4af0e1894f','\0',2,52),(43,'2017-05-30 12:03:04','f443bbb66fe949558938f3c9a7a32690','ACTIVE',NULL,NULL,'b18ad60dddb24209a4fbbd3892a14c8b','\0',2,35),(44,'2017-05-30 12:03:04','f443bbb66fe949558938f3c9a7a32690','ACTIVE',NULL,NULL,'0572f549783a4faf982d4019c443a173','\0',2,51),(45,'2017-05-30 12:03:04','f443bbb66fe949558938f3c9a7a32690','ACTIVE',NULL,NULL,'273d74ebfa164e9594a2fc7f5b9ff4dd','\0',2,45),(46,'2017-05-30 12:03:04','f443bbb66fe949558938f3c9a7a32690','ACTIVE',NULL,NULL,'4d55467adf524d28998015bb1e4b90a9','\0',2,54),(47,'2017-05-30 12:03:04','f443bbb66fe949558938f3c9a7a32690','ACTIVE',NULL,NULL,'0968446a500844ffa2d3cd10475322af','\0',2,29),(48,'2017-05-30 12:03:04','f443bbb66fe949558938f3c9a7a32690','ACTIVE',NULL,NULL,'65e92144b9744fed8909053926b80f8b','\0',2,53),(49,'2017-05-30 12:03:04','f443bbb66fe949558938f3c9a7a32690','ACTIVE',NULL,NULL,'994da28f0a7849459e314ff834f47cbc','\0',2,34),(50,'2017-05-30 12:03:04','f443bbb66fe949558938f3c9a7a32690','ACTIVE',NULL,NULL,'f2f4ae5d642f4b9ebb95c8238cc63f74','\0',2,48),(51,'2017-05-30 12:03:04','f443bbb66fe949558938f3c9a7a32690','ACTIVE',NULL,NULL,'9de127cf8d674dec84173d2a84543514','\0',2,39),(52,'2017-05-30 12:03:04','f443bbb66fe949558938f3c9a7a32690','ACTIVE',NULL,NULL,'5906cbec79d94df593e751912a6338c9','\0',2,43),(53,'2017-05-30 12:03:04','f443bbb66fe949558938f3c9a7a32690','ACTIVE',NULL,NULL,'4062a2089c5d48f58c54106fdfbc0d9e','\0',2,28),(54,'2017-05-30 12:03:04','f443bbb66fe949558938f3c9a7a32690','ACTIVE',NULL,NULL,'f54d84d4283f4f08a2bf22ef5267c699','\0',2,38),(55,'2017-05-30 12:03:04','f443bbb66fe949558938f3c9a7a32690','ACTIVE',NULL,NULL,'8b66f3e5d6dc432cabfdeaa4f87ccdf6','\0',2,36),(56,'2017-05-30 16:36:24','f443bbb66fe949558938f3c9a7a32690','ACTIVE',NULL,NULL,'0f4c5fb76b2d4d0d90b6034362d03675','\0',3,57),(57,'2017-05-30 16:36:24','f443bbb66fe949558938f3c9a7a32690','ACTIVE',NULL,NULL,'f5e92c4463794c178668116af3eee67b','\0',3,59),(58,'2017-05-30 16:36:24','f443bbb66fe949558938f3c9a7a32690','ACTIVE',NULL,NULL,'ec63bac4db0f43de9c8e87bcddaaefc9','\0',3,63),(59,'2017-05-30 16:36:24','f443bbb66fe949558938f3c9a7a32690','ACTIVE',NULL,NULL,'75136383d6b64f4f8b932261a72d313f','\0',3,79),(60,'2017-05-30 16:36:24','f443bbb66fe949558938f3c9a7a32690','ACTIVE',NULL,NULL,'9af93ece78754d3695d9d2cabb39c1a5','\0',3,85),(61,'2017-05-30 16:36:24','f443bbb66fe949558938f3c9a7a32690','ACTIVE',NULL,NULL,'7ea0e126c5bc4e2f82e7fe3ed0a657e8','\0',3,76),(62,'2017-05-30 16:36:24','f443bbb66fe949558938f3c9a7a32690','ACTIVE',NULL,NULL,'05d06528392044c98aa4151c236ff9a3','\0',3,56),(63,'2017-05-30 16:36:24','f443bbb66fe949558938f3c9a7a32690','ACTIVE',NULL,NULL,'9210ef61c69b4932926cec0d91945a89','\0',3,78),(64,'2017-05-30 16:36:24','f443bbb66fe949558938f3c9a7a32690','ACTIVE',NULL,NULL,'a80f4047a7cd464e913c7b037d875f7e','\0',3,87),(65,'2017-05-30 16:36:24','f443bbb66fe949558938f3c9a7a32690','ACTIVE',NULL,NULL,'86456b7e5fb44cb8b09821d617790c0a','\0',3,67),(66,'2017-05-30 16:36:24','f443bbb66fe949558938f3c9a7a32690','ACTIVE',NULL,NULL,'04ab7554176e40a685cadb7a139bfc6c','\0',3,62),(67,'2017-05-30 16:36:24','f443bbb66fe949558938f3c9a7a32690','ACTIVE',NULL,NULL,'89e9e5b775454e5597599dad233ffd06','\0',3,73),(68,'2017-05-30 16:36:24','f443bbb66fe949558938f3c9a7a32690','ACTIVE',NULL,NULL,'58e39452a761470b9b91758d145e1361','\0',3,88),(69,'2017-05-30 16:36:24','f443bbb66fe949558938f3c9a7a32690','ACTIVE',NULL,NULL,'dbc463ce810d46bca1bf9de73ce50f31','\0',3,72),(70,'2017-05-30 16:36:24','f443bbb66fe949558938f3c9a7a32690','ACTIVE',NULL,NULL,'0a08443af6424716854a887ed2be9a1b','\0',3,60),(71,'2017-05-30 16:36:24','f443bbb66fe949558938f3c9a7a32690','ACTIVE',NULL,NULL,'2b76b388148c4f3abc12f15d3ce61bfe','\0',3,80),(72,'2017-05-30 16:36:24','f443bbb66fe949558938f3c9a7a32690','ACTIVE',NULL,NULL,'f3bec589ebb34524bf9619e73259ae6d','\0',3,77),(73,'2017-05-30 16:36:24','f443bbb66fe949558938f3c9a7a32690','ACTIVE',NULL,NULL,'cd42a2471df94f59b10001c2c336d476','\0',3,74),(74,'2017-05-30 16:36:24','f443bbb66fe949558938f3c9a7a32690','ACTIVE',NULL,NULL,'d3dba50fda764a0398d324b2b1fd044f','\0',3,75),(75,'2017-05-30 16:36:24','f443bbb66fe949558938f3c9a7a32690','ACTIVE',NULL,NULL,'e4acf4268d4447f4b0ecc26cd4caed02','\0',3,82),(76,'2017-05-30 16:36:24','f443bbb66fe949558938f3c9a7a32690','ACTIVE',NULL,NULL,'94758b1aefb742d0ba2e9d15708d9aaa','\0',3,64),(77,'2017-05-30 16:36:24','f443bbb66fe949558938f3c9a7a32690','ACTIVE',NULL,NULL,'5e82cb7845794d0b8850af180a96cf9f','\0',3,69),(78,'2017-05-30 16:36:24','f443bbb66fe949558938f3c9a7a32690','ACTIVE',NULL,NULL,'0b930183885c4c2390baeca25fca0360','\0',3,84),(79,'2017-05-30 16:36:24','f443bbb66fe949558938f3c9a7a32690','ACTIVE',NULL,NULL,'664315fd1dc8482992aa4af52d6a8345','\0',3,58),(80,'2017-05-30 16:36:24','f443bbb66fe949558938f3c9a7a32690','ACTIVE',NULL,NULL,'79c7fc0ff99d4ed1b00e8d69cbad5490','\0',3,65),(81,'2017-05-30 16:36:24','f443bbb66fe949558938f3c9a7a32690','ACTIVE',NULL,NULL,'46e2de6ba5554b6b8b36638134c87b31','\0',3,61),(82,'2017-05-30 16:36:24','f443bbb66fe949558938f3c9a7a32690','ACTIVE',NULL,NULL,'23da159d31d645fa926cf82200007a79','\0',3,71),(83,'2017-05-30 16:36:24','f443bbb66fe949558938f3c9a7a32690','ACTIVE',NULL,NULL,'f175ea26dd514ca489f3fab5b96d4327','\0',3,70),(84,'2017-05-30 16:36:24','f443bbb66fe949558938f3c9a7a32690','ACTIVE',NULL,NULL,'5678bc553a8e4be2ad9e893d62614fbe','\0',3,81),(85,'2017-05-30 16:36:24','f443bbb66fe949558938f3c9a7a32690','ACTIVE',NULL,NULL,'bac7f4c61d584d8c88dcfd34a01f4366','\0',3,83),(86,'2017-05-30 16:36:24','f443bbb66fe949558938f3c9a7a32690','ACTIVE',NULL,NULL,'a369a1daaf9741359ef738bbfe7efbaf','\0',3,86),(87,'2017-05-30 16:36:24','f443bbb66fe949558938f3c9a7a32690','ACTIVE',NULL,NULL,'6013f4378d0645b68fc408cc90a52b4f','\0',3,66),(88,'2017-08-27 19:45:47','08cc21901f18424ebb4a232f8963fc1b','ACTIVE','2017-08-29 15:11:20','08cc21901f18424ebb4a232f8963fc1b','43fe315e22a44f68a1b35eef3bc11cfd','\0',4,96),(89,'2017-08-27 19:45:47','08cc21901f18424ebb4a232f8963fc1b','ACTIVE','2017-08-29 15:11:20','08cc21901f18424ebb4a232f8963fc1b','bd5542ffabcd47789c69fcb5bc0012fb','\0',4,103),(90,'2017-08-27 19:45:47','08cc21901f18424ebb4a232f8963fc1b','ACTIVE','2017-08-29 15:11:20','08cc21901f18424ebb4a232f8963fc1b','7a327fe01791492c97a7d1d0ae7037ed','\0',4,100),(91,'2017-08-27 19:45:47','08cc21901f18424ebb4a232f8963fc1b','ACTIVE','2017-08-29 15:11:20','08cc21901f18424ebb4a232f8963fc1b','7b2545d5bc514975a1afabf7f011c7e9','\0',4,117),(92,'2017-08-27 19:45:47','08cc21901f18424ebb4a232f8963fc1b','ACTIVE','2017-08-29 15:11:20','08cc21901f18424ebb4a232f8963fc1b','295b086dff0c488e87b08aca639035b7','\0',4,118),(93,'2017-08-27 19:45:47','08cc21901f18424ebb4a232f8963fc1b','ACTIVE','2017-08-29 15:11:20','08cc21901f18424ebb4a232f8963fc1b','7ad5442327914068b1b3ba00b6930c72','\0',4,92),(94,'2017-08-27 19:45:47','08cc21901f18424ebb4a232f8963fc1b','ACTIVE','2017-08-29 15:11:20','08cc21901f18424ebb4a232f8963fc1b','199f8b37e5cd4d0ea1b60a89e374ce96','\0',4,97),(95,'2017-08-27 19:45:47','08cc21901f18424ebb4a232f8963fc1b','ACTIVE','2017-08-29 15:11:20','08cc21901f18424ebb4a232f8963fc1b','f396c2681e6e4d9ca9dc29c1c39afb2d','\0',4,98),(96,'2017-08-27 19:45:47','08cc21901f18424ebb4a232f8963fc1b','ACTIVE','2017-08-29 15:11:20','08cc21901f18424ebb4a232f8963fc1b','06b27831414e484781cad961d5eac476','\0',4,104),(97,'2017-08-27 19:45:47','08cc21901f18424ebb4a232f8963fc1b','ACTIVE','2017-08-29 15:11:20','08cc21901f18424ebb4a232f8963fc1b','bb718ba0a1f048ac94526b7e1d91ecd7','\0',4,114),(98,'2017-08-27 19:45:47','08cc21901f18424ebb4a232f8963fc1b','ACTIVE','2017-08-29 15:11:20','08cc21901f18424ebb4a232f8963fc1b','88f85c0a4b134e358bb88540ea7be43b','\0',4,95),(99,'2017-08-27 19:45:47','08cc21901f18424ebb4a232f8963fc1b','ACTIVE','2017-08-29 15:11:20','08cc21901f18424ebb4a232f8963fc1b','eb65962e82004214a665be275eacef0c','\0',4,115),(100,'2017-08-27 19:45:47','08cc21901f18424ebb4a232f8963fc1b','ACTIVE','2017-08-29 15:11:20','08cc21901f18424ebb4a232f8963fc1b','a40c172e051e4e0ba0c03d75524ae50b','\0',4,120),(101,'2017-08-27 19:45:47','08cc21901f18424ebb4a232f8963fc1b','ACTIVE','2017-08-29 15:11:20','08cc21901f18424ebb4a232f8963fc1b','af0705443fd444209bdea70eff37c2b3','\0',4,109),(102,'2017-08-27 19:45:47','08cc21901f18424ebb4a232f8963fc1b','ACTIVE','2017-08-29 15:11:20','08cc21901f18424ebb4a232f8963fc1b','baa623da8dc549c39bb924a9f29178aa','\0',4,106),(103,'2017-08-27 19:45:47','08cc21901f18424ebb4a232f8963fc1b','ACTIVE','2017-08-29 15:11:20','08cc21901f18424ebb4a232f8963fc1b','5ebec956ea2f4d7b89b8463335058b39','\0',4,91),(104,'2017-08-27 19:45:47','08cc21901f18424ebb4a232f8963fc1b','ACTIVE','2017-08-29 15:11:20','08cc21901f18424ebb4a232f8963fc1b','c38dd0b54f9d43cf808f64d36c1c62f4','\0',4,93),(105,'2017-08-27 19:45:47','08cc21901f18424ebb4a232f8963fc1b','ACTIVE','2017-08-29 15:11:20','08cc21901f18424ebb4a232f8963fc1b','cc1ecf252a73417dbee60a91dc5610b9','\0',4,102),(106,'2017-08-27 19:45:47','08cc21901f18424ebb4a232f8963fc1b','ACTIVE','2017-08-29 15:11:20','08cc21901f18424ebb4a232f8963fc1b','5e6d759624404581b97c264f13d07534','\0',4,113),(107,'2017-08-27 19:45:47','08cc21901f18424ebb4a232f8963fc1b','ACTIVE','2017-08-29 15:11:20','08cc21901f18424ebb4a232f8963fc1b','19372ed5707c4ca186b146702aaabb33','\0',4,94),(108,'2017-08-27 19:45:47','08cc21901f18424ebb4a232f8963fc1b','ACTIVE','2017-08-29 15:11:20','08cc21901f18424ebb4a232f8963fc1b','67189a7ce2fe4e0080d9a9e4288da26e','\0',4,111),(109,'2017-08-27 19:45:47','08cc21901f18424ebb4a232f8963fc1b','ACTIVE','2017-08-29 15:11:20','08cc21901f18424ebb4a232f8963fc1b','11b7b233261249689c512efb46d25e43','\0',4,110),(110,'2017-08-27 19:45:47','08cc21901f18424ebb4a232f8963fc1b','ACTIVE','2017-08-29 15:11:20','08cc21901f18424ebb4a232f8963fc1b','6a1df8bf0d2648e38da5a99ea6a53832','\0',4,108),(111,'2017-08-27 19:45:47','08cc21901f18424ebb4a232f8963fc1b','ACTIVE','2017-08-29 15:11:20','08cc21901f18424ebb4a232f8963fc1b','40432fd77db2489c9f934e24ba8ed23c','\0',4,116),(112,'2017-08-27 19:45:47','08cc21901f18424ebb4a232f8963fc1b','ACTIVE','2017-08-29 15:11:20','08cc21901f18424ebb4a232f8963fc1b','a4ef2cfcd6c9479f9ee75699c7f3284d','\0',4,101),(113,'2017-08-27 19:45:47','08cc21901f18424ebb4a232f8963fc1b','ACTIVE','2017-08-29 15:11:20','08cc21901f18424ebb4a232f8963fc1b','1c61d497a3b2489694ae2702077e3e10','\0',4,112),(114,'2017-08-27 19:45:47','08cc21901f18424ebb4a232f8963fc1b','ACTIVE','2017-08-29 15:11:20','08cc21901f18424ebb4a232f8963fc1b','bbb2bb8493a44ec3971a5d34fdeedc87','\0',4,107),(115,'2017-08-27 19:45:47','08cc21901f18424ebb4a232f8963fc1b','ACTIVE','2017-08-29 15:11:20','08cc21901f18424ebb4a232f8963fc1b','1954082a25f3460291e3851a0070ac97','\0',4,99),(116,'2017-08-27 19:45:47','08cc21901f18424ebb4a232f8963fc1b','ACTIVE','2017-08-29 15:11:20','08cc21901f18424ebb4a232f8963fc1b','89c68549b66b418ea8146fc88ee2c9b7','\0',4,105),(117,'2017-08-27 19:45:47','08cc21901f18424ebb4a232f8963fc1b','ACTIVE','2017-08-29 15:11:20','08cc21901f18424ebb4a232f8963fc1b','7f92c230cb534b8cab405ed4fb5361b2','\0',4,119),(118,'2017-08-27 19:45:47','08cc21901f18424ebb4a232f8963fc1b','ACTIVE','2017-08-29 15:11:20','08cc21901f18424ebb4a232f8963fc1b','1627425ffafb40fcb059a3c0ce3ac251','\0',4,90),(119,'2017-08-27 19:45:47','08cc21901f18424ebb4a232f8963fc1b','ACTIVE','2017-08-29 15:11:20','08cc21901f18424ebb4a232f8963fc1b','caa2f1a7d8b34c249cfbca94fee82405','\0',4,121),(120,'2017-08-27 21:16:27','08cc21901f18424ebb4a232f8963fc1b','ACTIVE','2017-08-29 16:50:02','08cc21901f18424ebb4a232f8963fc1b','09ded319fea54ecdb428388bd5d7d004','\0',5,125),(121,'2017-08-27 21:16:27','08cc21901f18424ebb4a232f8963fc1b','ACTIVE','2017-08-29 16:50:02','08cc21901f18424ebb4a232f8963fc1b','554b5aa8115340a18d845651011b8360','\0',5,128),(122,'2017-08-27 21:16:27','08cc21901f18424ebb4a232f8963fc1b','ACTIVE','2017-08-29 16:50:02','08cc21901f18424ebb4a232f8963fc1b','5f4cff0a7aff429bb4f3e4d41a7212b5','\0',5,137),(123,'2017-08-27 21:16:27','08cc21901f18424ebb4a232f8963fc1b','ACTIVE','2017-08-29 16:50:02','08cc21901f18424ebb4a232f8963fc1b','44bc20a863f545819162a56a8b95b5ff','\0',5,149),(124,'2017-08-27 21:16:27','08cc21901f18424ebb4a232f8963fc1b','ACTIVE','2017-08-29 16:50:02','08cc21901f18424ebb4a232f8963fc1b','65f5342a92e0479fbe9398fd13356772','\0',5,148),(125,'2017-08-27 21:16:27','08cc21901f18424ebb4a232f8963fc1b','ACTIVE','2017-08-29 16:50:02','08cc21901f18424ebb4a232f8963fc1b','465fb82d269147c0bd8f0cea6ee56062','\0',5,144),(126,'2017-08-27 21:16:27','08cc21901f18424ebb4a232f8963fc1b','ACTIVE','2017-08-29 16:50:02','08cc21901f18424ebb4a232f8963fc1b','48bdd7cb98014773a9701ca34db5da06','\0',5,122),(127,'2017-08-27 21:16:27','08cc21901f18424ebb4a232f8963fc1b','ACTIVE','2017-08-29 16:50:02','08cc21901f18424ebb4a232f8963fc1b','e4b4c7a6b54f4ebca2c4100fbb9e00dc','\0',5,136),(128,'2017-08-27 21:16:27','08cc21901f18424ebb4a232f8963fc1b','ACTIVE','2017-08-29 16:50:02','08cc21901f18424ebb4a232f8963fc1b','65477bd0fac04a5d8226038a0c03c148','\0',5,135),(129,'2017-08-27 21:16:27','08cc21901f18424ebb4a232f8963fc1b','ACTIVE','2017-08-29 16:50:02','08cc21901f18424ebb4a232f8963fc1b','d5ffc925c2ae4f17b41eb8efc0b3e3e1','\0',5,142),(130,'2017-08-27 21:16:27','08cc21901f18424ebb4a232f8963fc1b','ACTIVE','2017-08-29 16:50:02','08cc21901f18424ebb4a232f8963fc1b','c4a15ab4dfa94930801f51a7ddb8199c','\0',5,139),(131,'2017-08-27 21:16:27','08cc21901f18424ebb4a232f8963fc1b','ACTIVE','2017-08-29 16:50:02','08cc21901f18424ebb4a232f8963fc1b','6cd752e8346342e6b8d385b9adbe942a','\0',5,131),(132,'2017-08-27 21:16:27','08cc21901f18424ebb4a232f8963fc1b','ACTIVE','2017-08-29 16:50:02','08cc21901f18424ebb4a232f8963fc1b','263b0a8413a4460bae10535c63e0003b','\0',5,133),(133,'2017-08-27 21:16:27','08cc21901f18424ebb4a232f8963fc1b','ACTIVE','2017-08-29 16:50:02','08cc21901f18424ebb4a232f8963fc1b','586a2f75cdf54db9b22b03a3a3c15628','\0',5,146),(134,'2017-08-27 21:16:27','08cc21901f18424ebb4a232f8963fc1b','INACTIVE','2017-08-29 12:47:53','08cc21901f18424ebb4a232f8963fc1b','f84e697bba55486fb01a70345623e00f','\0',5,150),(135,'2017-08-27 21:16:27','08cc21901f18424ebb4a232f8963fc1b','ACTIVE','2017-08-29 16:50:02','08cc21901f18424ebb4a232f8963fc1b','fa6e3bc1f10f40e888714f7d19a2dae1','\0',5,127),(136,'2017-08-27 21:16:27','08cc21901f18424ebb4a232f8963fc1b','ACTIVE','2017-08-29 16:50:02','08cc21901f18424ebb4a232f8963fc1b','8dbab1ac5a6143f69b0a8f8f731a0069','\0',5,151),(137,'2017-08-27 21:16:27','08cc21901f18424ebb4a232f8963fc1b','ACTIVE','2017-08-29 16:50:02','08cc21901f18424ebb4a232f8963fc1b','f538137536d94fac8627c284e11bd365','\0',5,143),(138,'2017-08-27 21:16:27','08cc21901f18424ebb4a232f8963fc1b','ACTIVE','2017-08-29 16:50:02','08cc21901f18424ebb4a232f8963fc1b','104f29b94b7f4b6893841d8edf0a755d','\0',5,132),(139,'2017-08-27 21:16:27','08cc21901f18424ebb4a232f8963fc1b','ACTIVE','2017-08-29 16:50:02','08cc21901f18424ebb4a232f8963fc1b','9e7a482f591842babb7a9c7e463c881c','\0',5,140),(140,'2017-08-27 21:16:27','08cc21901f18424ebb4a232f8963fc1b','ACTIVE','2017-08-29 16:50:02','08cc21901f18424ebb4a232f8963fc1b','2c2faf28d89f4dee802a623864470535','\0',5,130),(141,'2017-08-27 21:16:27','08cc21901f18424ebb4a232f8963fc1b','ACTIVE','2017-08-29 16:50:02','08cc21901f18424ebb4a232f8963fc1b','b02d62b5b3f741abb7480870a62c76df','\0',5,134),(142,'2017-08-27 21:16:27','08cc21901f18424ebb4a232f8963fc1b','ACTIVE','2017-08-29 16:50:02','08cc21901f18424ebb4a232f8963fc1b','8d47d76fda464b60a087e8d5d6e18794','\0',5,145),(143,'2017-08-27 21:16:27','08cc21901f18424ebb4a232f8963fc1b','ACTIVE','2017-08-29 16:50:02','08cc21901f18424ebb4a232f8963fc1b','3cdbcda11db549c9920fcf6b7b7f03cb','\0',5,124),(144,'2017-08-27 21:16:27','08cc21901f18424ebb4a232f8963fc1b','ACTIVE','2017-08-29 16:50:02','08cc21901f18424ebb4a232f8963fc1b','f9f1e21c75ac46c2a4de711e9f88f93c','\0',5,123),(145,'2017-08-27 21:16:27','08cc21901f18424ebb4a232f8963fc1b','ACTIVE','2017-08-29 16:50:02','08cc21901f18424ebb4a232f8963fc1b','499623c8ce17464ab80d1d3ef5e7f609','\0',5,126),(146,'2017-08-27 21:16:27','08cc21901f18424ebb4a232f8963fc1b','ACTIVE','2017-08-29 16:50:02','08cc21901f18424ebb4a232f8963fc1b','a852184110eb4e009d16d4a56408be2d','\0',5,129),(147,'2017-08-27 21:16:27','08cc21901f18424ebb4a232f8963fc1b','ACTIVE','2017-08-29 16:50:02','08cc21901f18424ebb4a232f8963fc1b','3581325e13c742d197b4ebd222063077','\0',5,138),(148,'2017-08-27 21:16:27','08cc21901f18424ebb4a232f8963fc1b','ACTIVE','2017-08-29 16:50:02','08cc21901f18424ebb4a232f8963fc1b','c6a2963232c24fe6afb576a69537a8b1','\0',5,147),(149,'2017-08-27 21:16:27','08cc21901f18424ebb4a232f8963fc1b','ACTIVE','2017-08-29 16:50:02','08cc21901f18424ebb4a232f8963fc1b','9ba3e5374c8649d7b5b516cdd7265b60','\0',5,141),(150,'2017-08-28 08:36:27','08cc21901f18424ebb4a232f8963fc1b','ACTIVE','2017-08-29 16:51:47','08cc21901f18424ebb4a232f8963fc1b','9820dc424582471d9087dda39d9f9d97','\0',6,125),(151,'2017-08-28 08:36:27','08cc21901f18424ebb4a232f8963fc1b','ACTIVE','2017-08-29 16:51:47','08cc21901f18424ebb4a232f8963fc1b','e46c59413dc24056a59a0d3e20a1a399','\0',6,160),(152,'2017-08-28 08:36:27','08cc21901f18424ebb4a232f8963fc1b','ACTIVE','2017-08-29 16:51:47','08cc21901f18424ebb4a232f8963fc1b','b2a305ff81f34ce78ca5cc6a2c2ebaed','\0',6,149),(153,'2017-08-28 08:36:27','08cc21901f18424ebb4a232f8963fc1b','ACTIVE','2017-08-29 16:51:47','08cc21901f18424ebb4a232f8963fc1b','6891672db3c74352a22a0b25e2fced6f','\0',6,148),(154,'2017-08-28 08:36:27','08cc21901f18424ebb4a232f8963fc1b','ACTIVE','2017-08-29 16:51:47','08cc21901f18424ebb4a232f8963fc1b','64093cb341c04dd1ae55dda91d11f11c','\0',6,144),(155,'2017-08-28 08:36:27','08cc21901f18424ebb4a232f8963fc1b','ACTIVE','2017-08-29 16:51:47','08cc21901f18424ebb4a232f8963fc1b','84ce4d11297a41f5906f72b4797e6841','\0',6,122),(156,'2017-08-28 08:36:27','08cc21901f18424ebb4a232f8963fc1b','ACTIVE','2017-08-29 16:51:47','08cc21901f18424ebb4a232f8963fc1b','b6c4c84c7cd846cb89b7979579f4626d','\0',6,157),(157,'2017-08-28 08:36:27','08cc21901f18424ebb4a232f8963fc1b','ACTIVE','2017-08-29 16:51:47','08cc21901f18424ebb4a232f8963fc1b','719685e9f6c249b39904680f002a17b6','\0',6,159),(158,'2017-08-28 08:36:27','08cc21901f18424ebb4a232f8963fc1b','ACTIVE','2017-08-29 16:51:47','08cc21901f18424ebb4a232f8963fc1b','a4d6ee6e530d4041847934f22414c949','\0',6,156),(159,'2017-08-28 08:36:27','08cc21901f18424ebb4a232f8963fc1b','ACTIVE','2017-08-29 16:51:47','08cc21901f18424ebb4a232f8963fc1b','a323ae29f899433e987c3e61d6d8d630','\0',6,161),(160,'2017-08-28 08:36:27','08cc21901f18424ebb4a232f8963fc1b','INACTIVE','2017-08-28 08:39:10','08cc21901f18424ebb4a232f8963fc1b','d1492d45c829483cbf08c93576fc089b','\0',6,150),(161,'2017-08-28 08:36:27','08cc21901f18424ebb4a232f8963fc1b','ACTIVE','2017-08-29 16:51:47','08cc21901f18424ebb4a232f8963fc1b','c42179cadab747ebb70ae69279b85cf0','\0',6,127),(162,'2017-08-28 08:36:27','08cc21901f18424ebb4a232f8963fc1b','ACTIVE','2017-08-29 16:51:47','08cc21901f18424ebb4a232f8963fc1b','e6f2049286614c848c95dfb80b8429b5','\0',6,151),(163,'2017-08-28 08:36:27','08cc21901f18424ebb4a232f8963fc1b','ACTIVE','2017-08-29 16:51:47','08cc21901f18424ebb4a232f8963fc1b','e9930ca9dfd14a7ba88fda72e13339f3','\0',6,143),(164,'2017-08-28 08:36:27','08cc21901f18424ebb4a232f8963fc1b','ACTIVE','2017-08-29 16:51:47','08cc21901f18424ebb4a232f8963fc1b','65594fd6cd36455d9463ca86ba500d15','\0',6,155),(165,'2017-08-28 08:36:27','08cc21901f18424ebb4a232f8963fc1b','ACTIVE','2017-08-29 16:51:47','08cc21901f18424ebb4a232f8963fc1b','4c523166925a4d5784fa283b294fb5cf','\0',6,163),(166,'2017-08-28 08:36:27','08cc21901f18424ebb4a232f8963fc1b','ACTIVE','2017-08-29 16:51:47','08cc21901f18424ebb4a232f8963fc1b','3f42f0afbd0947219137c7496b3ec5b6','\0',6,164),(167,'2017-08-28 08:36:27','08cc21901f18424ebb4a232f8963fc1b','ACTIVE','2017-08-29 16:51:47','08cc21901f18424ebb4a232f8963fc1b','6cf95e356cb84cd790fa40353a7ad992','\0',6,140),(168,'2017-08-28 08:36:27','08cc21901f18424ebb4a232f8963fc1b','ACTIVE','2017-08-29 16:51:47','08cc21901f18424ebb4a232f8963fc1b','16fc41d7a1c34ec8828be2e2d2b9eece','\0',6,152),(169,'2017-08-28 08:36:27','08cc21901f18424ebb4a232f8963fc1b','ACTIVE','2017-08-29 16:51:47','08cc21901f18424ebb4a232f8963fc1b','356ebbd2361c4ad689cceabceed788f5','\0',6,154),(170,'2017-08-28 08:36:27','08cc21901f18424ebb4a232f8963fc1b','ACTIVE','2017-08-29 16:51:47','08cc21901f18424ebb4a232f8963fc1b','9fe4c8dfb68143d6a7cc060c7a4a4f8d','\0',6,124),(171,'2017-08-28 08:36:27','08cc21901f18424ebb4a232f8963fc1b','ACTIVE','2017-08-29 16:51:47','08cc21901f18424ebb4a232f8963fc1b','90e18d7f836b49ff8a5afb693fc434e2','\0',6,162),(172,'2017-08-28 08:36:27','08cc21901f18424ebb4a232f8963fc1b','ACTIVE','2017-08-29 16:51:47','08cc21901f18424ebb4a232f8963fc1b','0bc29a86eb9549f0affb7570334de920','\0',6,123),(173,'2017-08-28 08:36:27','08cc21901f18424ebb4a232f8963fc1b','ACTIVE','2017-08-29 16:51:47','08cc21901f18424ebb4a232f8963fc1b','5069c68ae1c24c73babdb6f8ca11bc36','\0',6,126),(174,'2017-08-28 08:36:27','08cc21901f18424ebb4a232f8963fc1b','ACTIVE','2017-08-29 16:51:47','08cc21901f18424ebb4a232f8963fc1b','cafa3613f4cc4492828f9d4550d6ae8f','\0',6,158),(175,'2017-08-28 08:36:27','08cc21901f18424ebb4a232f8963fc1b','ACTIVE','2017-08-29 16:51:47','08cc21901f18424ebb4a232f8963fc1b','664a371db47644c48e8911f8a9fa268b','\0',6,147),(176,'2017-08-28 08:36:27','08cc21901f18424ebb4a232f8963fc1b','ACTIVE','2017-08-29 16:51:47','08cc21901f18424ebb4a232f8963fc1b','6f5dc79412884e0984b247a2bccadbcf','\0',6,153),(177,'2017-08-28 08:36:27','08cc21901f18424ebb4a232f8963fc1b','ACTIVE','2017-08-29 16:51:47','08cc21901f18424ebb4a232f8963fc1b','e79c60941d92492682614883836c4720','\0',6,141),(178,'2017-08-28 10:02:52','08cc21901f18424ebb4a232f8963fc1b','INACTIVE','2017-08-28 10:03:50','08cc21901f18424ebb4a232f8963fc1b','79b3eaeb194741ae8597250e3cbb5aac','\0',7,150),(179,'2017-08-28 10:02:52','08cc21901f18424ebb4a232f8963fc1b','ACTIVE','2017-08-29 16:53:52','08cc21901f18424ebb4a232f8963fc1b','89d4c4a1d633404ba5b5542435b1ce23','\0',7,151),(180,'2017-08-28 10:02:52','08cc21901f18424ebb4a232f8963fc1b','ACTIVE','2017-08-29 16:53:52','08cc21901f18424ebb4a232f8963fc1b','9676bbda412244f189e0e78aeea6437c','\0',7,125),(181,'2017-08-28 10:02:52','08cc21901f18424ebb4a232f8963fc1b','ACTIVE','2017-08-29 16:53:52','08cc21901f18424ebb4a232f8963fc1b','80dc37d798114b8fac817b124f2d4629','\0',7,167),(182,'2017-08-28 10:02:52','08cc21901f18424ebb4a232f8963fc1b','ACTIVE','2017-08-29 16:53:52','08cc21901f18424ebb4a232f8963fc1b','8399e8ec4887431e8522d98d1a1de058','\0',7,169),(183,'2017-08-28 10:02:52','08cc21901f18424ebb4a232f8963fc1b','ACTIVE','2017-08-29 16:53:52','08cc21901f18424ebb4a232f8963fc1b','92c394e7aab94b27aa7f71851e7dc1e6','\0',7,178),(184,'2017-08-28 10:02:52','08cc21901f18424ebb4a232f8963fc1b','ACTIVE','2017-08-29 16:53:52','08cc21901f18424ebb4a232f8963fc1b','56799d6d183c4a10938ecf7b1060b233','\0',7,149),(185,'2017-08-28 10:02:52','08cc21901f18424ebb4a232f8963fc1b','ACTIVE','2017-08-29 16:53:52','08cc21901f18424ebb4a232f8963fc1b','3a92433cc7bc41ce8ff0adf7c9158429','\0',7,168),(186,'2017-08-28 10:02:52','08cc21901f18424ebb4a232f8963fc1b','ACTIVE','2017-08-29 16:53:52','08cc21901f18424ebb4a232f8963fc1b','893b88bde9214489b8203dc044016c26','\0',7,148),(187,'2017-08-28 10:02:52','08cc21901f18424ebb4a232f8963fc1b','ACTIVE','2017-08-29 16:53:52','08cc21901f18424ebb4a232f8963fc1b','915b65c4aeb04752989956e8266ebd6f','\0',7,124),(188,'2017-08-28 10:02:52','08cc21901f18424ebb4a232f8963fc1b','ACTIVE','2017-08-29 16:53:52','08cc21901f18424ebb4a232f8963fc1b','fdaa31d9ca644aa69007b638f75c92bd','\0',7,122),(189,'2017-08-28 10:02:52','08cc21901f18424ebb4a232f8963fc1b','ACTIVE','2017-08-29 16:53:52','08cc21901f18424ebb4a232f8963fc1b','b8073cb976b74d11912072f310f9f614','\0',7,171),(190,'2017-08-28 10:02:52','08cc21901f18424ebb4a232f8963fc1b','ACTIVE','2017-08-29 16:53:52','08cc21901f18424ebb4a232f8963fc1b','a1011f367d9f46afbf0a87fb6da538d2','\0',7,172),(191,'2017-08-28 10:02:52','08cc21901f18424ebb4a232f8963fc1b','ACTIVE','2017-08-29 16:53:52','08cc21901f18424ebb4a232f8963fc1b','022fa7d614014e65887b3b549e2b73a1','\0',7,170),(192,'2017-08-28 10:02:52','08cc21901f18424ebb4a232f8963fc1b','ACTIVE','2017-08-29 16:53:52','08cc21901f18424ebb4a232f8963fc1b','a82c357388d74d5fba8e904c908c7d4c','\0',7,165),(193,'2017-08-28 10:02:52','08cc21901f18424ebb4a232f8963fc1b','ACTIVE','2017-08-29 16:53:52','08cc21901f18424ebb4a232f8963fc1b','a98c20b211604574af335dbdd12e33ff','\0',7,166),(194,'2017-08-28 10:02:52','08cc21901f18424ebb4a232f8963fc1b','ACTIVE','2017-08-29 16:53:52','08cc21901f18424ebb4a232f8963fc1b','71b22431bd8b4869a8c45b4428bfa4ee','\0',7,174),(195,'2017-08-28 10:02:52','08cc21901f18424ebb4a232f8963fc1b','ACTIVE','2017-08-29 16:53:52','08cc21901f18424ebb4a232f8963fc1b','98b5444499d64b9b8e54db299899ba25','\0',7,126),(196,'2017-08-28 10:02:52','08cc21901f18424ebb4a232f8963fc1b','ACTIVE','2017-08-29 16:53:52','08cc21901f18424ebb4a232f8963fc1b','ce7da7a4d1eb41fb89fb4cebda301895','\0',7,173),(197,'2017-08-28 10:02:52','08cc21901f18424ebb4a232f8963fc1b','ACTIVE','2017-08-29 16:53:52','08cc21901f18424ebb4a232f8963fc1b','675b6a2d0a2843c69d6284d31fc01906','\0',7,147),(198,'2017-08-28 10:02:52','08cc21901f18424ebb4a232f8963fc1b','ACTIVE','2017-08-29 16:53:52','08cc21901f18424ebb4a232f8963fc1b','70e241f7ec8d404f88a74079a15b3bf3','\0',7,176),(199,'2017-08-28 10:02:52','08cc21901f18424ebb4a232f8963fc1b','ACTIVE','2017-08-29 16:53:52','08cc21901f18424ebb4a232f8963fc1b','cdbdf6105d814800a360af75d06aa202','\0',7,175),(200,'2017-08-28 10:02:52','08cc21901f18424ebb4a232f8963fc1b','ACTIVE','2017-08-29 16:53:52','08cc21901f18424ebb4a232f8963fc1b','b6c24f4905744f62b9158a18d40fffaf','\0',7,177),(201,'2017-08-28 10:02:52','08cc21901f18424ebb4a232f8963fc1b','ACTIVE','2017-08-29 16:53:52','08cc21901f18424ebb4a232f8963fc1b','4400a9c3edc2401a82be95dbac390f77','\0',7,146),(202,'2017-08-28 10:03:50','08cc21901f18424ebb4a232f8963fc1b','ACTIVE','2017-08-29 16:53:52','08cc21901f18424ebb4a232f8963fc1b','56989f4e65dc422eb873834ceba48318','\0',7,123),(203,'2017-08-28 11:13:39','08cc21901f18424ebb4a232f8963fc1b','ACTIVE','2017-08-29 16:54:22','08cc21901f18424ebb4a232f8963fc1b','86956aad7e974429a6ed586b6f2a0bac','\0',8,205),(204,'2017-08-28 11:13:39','08cc21901f18424ebb4a232f8963fc1b','ACTIVE','2017-08-29 16:54:22','08cc21901f18424ebb4a232f8963fc1b','599b6583804c46a1916de6529b04401b','\0',8,183),(205,'2017-08-28 11:13:39','08cc21901f18424ebb4a232f8963fc1b','ACTIVE','2017-08-29 16:54:22','08cc21901f18424ebb4a232f8963fc1b','853743e9f8ca4c0eb223682cb7ccb586','\0',8,186),(206,'2017-08-28 11:13:39','08cc21901f18424ebb4a232f8963fc1b','ACTIVE','2017-08-29 16:54:22','08cc21901f18424ebb4a232f8963fc1b','e26a9e0ce23e49d9ad584da996d7e836','\0',8,191),(207,'2017-08-28 11:13:39','08cc21901f18424ebb4a232f8963fc1b','ACTIVE','2017-08-29 16:54:22','08cc21901f18424ebb4a232f8963fc1b','b38a958eef6448568ded8514f6037df3','\0',8,196),(208,'2017-08-28 11:13:39','08cc21901f18424ebb4a232f8963fc1b','ACTIVE','2017-08-29 16:54:22','08cc21901f18424ebb4a232f8963fc1b','1f5c19b134a74403a727c91179e1a6ed','\0',8,200),(209,'2017-08-28 11:13:39','08cc21901f18424ebb4a232f8963fc1b','ACTIVE','2017-08-29 16:54:22','08cc21901f18424ebb4a232f8963fc1b','95b4d8fc66ba4f19bb0dffb404bde537','\0',8,179),(210,'2017-08-28 11:13:39','08cc21901f18424ebb4a232f8963fc1b','ACTIVE','2017-08-29 16:54:22','08cc21901f18424ebb4a232f8963fc1b','4b1b2d398f4d4002a673a3cd0cf5235b','\0',8,194),(211,'2017-08-28 11:13:39','08cc21901f18424ebb4a232f8963fc1b','ACTIVE','2017-08-29 16:54:22','08cc21901f18424ebb4a232f8963fc1b','5f56bfd893054a059e5b19b8fbd16c70','\0',8,195),(212,'2017-08-28 11:13:39','08cc21901f18424ebb4a232f8963fc1b','ACTIVE','2017-08-29 16:54:22','08cc21901f18424ebb4a232f8963fc1b','9272b632778c4452b16b55d4c9b68a7a','\0',8,181),(213,'2017-08-28 11:13:39','08cc21901f18424ebb4a232f8963fc1b','ACTIVE','2017-08-29 16:54:22','08cc21901f18424ebb4a232f8963fc1b','9bac3823ddd5438482b3b8309c405aec','\0',8,201),(214,'2017-08-28 11:13:39','08cc21901f18424ebb4a232f8963fc1b','ACTIVE','2017-08-29 16:54:22','08cc21901f18424ebb4a232f8963fc1b','37ad29ceb3d344788bfe95dfc4e55cfa','\0',8,185),(215,'2017-08-28 11:13:39','08cc21901f18424ebb4a232f8963fc1b','ACTIVE','2017-08-29 16:54:22','08cc21901f18424ebb4a232f8963fc1b','9055227190c846a09bcfa1207238d592','\0',8,182),(216,'2017-08-28 11:13:39','08cc21901f18424ebb4a232f8963fc1b','ACTIVE','2017-08-29 16:54:22','08cc21901f18424ebb4a232f8963fc1b','c67ad2077ba74bbc8ce15c90cca355c7','\0',8,197),(217,'2017-08-28 11:13:39','08cc21901f18424ebb4a232f8963fc1b','ACTIVE','2017-08-29 16:54:22','08cc21901f18424ebb4a232f8963fc1b','d0737de3b3864c1c9986422513c19970','\0',8,180),(218,'2017-08-28 11:13:39','08cc21901f18424ebb4a232f8963fc1b','ACTIVE','2017-08-29 16:54:22','08cc21901f18424ebb4a232f8963fc1b','5ac8e7686e804afc89d61bc73fd24d39','\0',8,208),(219,'2017-08-28 11:13:39','08cc21901f18424ebb4a232f8963fc1b','ACTIVE','2017-08-29 16:54:22','08cc21901f18424ebb4a232f8963fc1b','9c6c52d2a7ef497b9b2174e3837d2c7d','\0',8,119),(220,'2017-08-28 11:13:39','08cc21901f18424ebb4a232f8963fc1b','ACTIVE','2017-08-29 16:54:22','08cc21901f18424ebb4a232f8963fc1b','e5e60d61a49e4c56a6070c3c7d627451','\0',8,207),(221,'2017-08-28 11:13:39','08cc21901f18424ebb4a232f8963fc1b','ACTIVE','2017-08-29 16:54:22','08cc21901f18424ebb4a232f8963fc1b','75651d16262f4f10a0f61a872a966861','\0',8,190),(222,'2017-08-28 11:13:39','08cc21901f18424ebb4a232f8963fc1b','ACTIVE','2017-08-29 16:54:22','08cc21901f18424ebb4a232f8963fc1b','a4fbee2de1704dcaa136e6d4a7e4ce25','\0',8,204),(223,'2017-08-28 11:13:39','08cc21901f18424ebb4a232f8963fc1b','ACTIVE','2017-08-29 16:54:22','08cc21901f18424ebb4a232f8963fc1b','1c62597b1db648389036b1b7cffa9fa0','\0',8,184),(224,'2017-08-28 11:13:39','08cc21901f18424ebb4a232f8963fc1b','ACTIVE','2017-08-29 16:54:22','08cc21901f18424ebb4a232f8963fc1b','8f29902ad19a4b3aa5afc5bd34d57000','\0',8,192),(225,'2017-08-28 11:13:39','08cc21901f18424ebb4a232f8963fc1b','ACTIVE','2017-08-29 16:54:22','08cc21901f18424ebb4a232f8963fc1b','3313657d50014a929beb50549b9dd415','\0',8,187),(226,'2017-08-28 11:13:39','08cc21901f18424ebb4a232f8963fc1b','ACTIVE','2017-08-29 16:54:22','08cc21901f18424ebb4a232f8963fc1b','222044da8a974fdd9d64fdaf4cad7fdc','\0',8,193),(227,'2017-08-28 11:13:39','08cc21901f18424ebb4a232f8963fc1b','ACTIVE','2017-08-29 16:54:22','08cc21901f18424ebb4a232f8963fc1b','d4b0142e237b4553aba6e35000aead65','\0',8,206),(228,'2017-08-28 11:13:39','08cc21901f18424ebb4a232f8963fc1b','ACTIVE','2017-08-29 16:54:22','08cc21901f18424ebb4a232f8963fc1b','a514f5590d9647fe8f1a10fad46beb6a','\0',8,209),(229,'2017-08-28 11:13:39','08cc21901f18424ebb4a232f8963fc1b','ACTIVE','2017-08-29 16:54:22','08cc21901f18424ebb4a232f8963fc1b','ec4734ae20b448da80c096056f213656','\0',8,198),(230,'2017-08-28 11:13:39','08cc21901f18424ebb4a232f8963fc1b','ACTIVE','2017-08-29 16:54:22','08cc21901f18424ebb4a232f8963fc1b','9c07a834c199473990ed8fc49f348e75','\0',8,199),(231,'2017-08-28 11:13:39','08cc21901f18424ebb4a232f8963fc1b','ACTIVE','2017-08-29 16:54:22','08cc21901f18424ebb4a232f8963fc1b','e240330221af44eda65e66d773f15f38','\0',8,203),(232,'2017-08-28 11:13:39','08cc21901f18424ebb4a232f8963fc1b','ACTIVE','2017-08-29 16:54:22','08cc21901f18424ebb4a232f8963fc1b','1aa04a819c1d4303bec41d403ced4782','\0',8,188),(233,'2017-08-28 11:13:39','08cc21901f18424ebb4a232f8963fc1b','ACTIVE','2017-08-29 16:54:22','08cc21901f18424ebb4a232f8963fc1b','77ce82c441f748e1aac04b793017fa44','\0',8,120),(234,'2017-08-28 11:13:39','08cc21901f18424ebb4a232f8963fc1b','ACTIVE','2017-08-29 16:54:22','08cc21901f18424ebb4a232f8963fc1b','e192f878a17343aaad60169ca00de12e','\0',8,189),(235,'2017-08-28 11:13:39','08cc21901f18424ebb4a232f8963fc1b','ACTIVE','2017-08-29 16:54:22','08cc21901f18424ebb4a232f8963fc1b','2d76de31aa644b11bb4cd8587c2c1db1','\0',8,202),(236,'2017-08-28 11:22:56','08cc21901f18424ebb4a232f8963fc1b','ACTIVE','2017-08-29 16:54:52','08cc21901f18424ebb4a232f8963fc1b','bcf448e208e14755a6eb2669294536e8','\0',9,183),(237,'2017-08-28 11:22:56','08cc21901f18424ebb4a232f8963fc1b','ACTIVE','2017-08-29 16:54:52','08cc21901f18424ebb4a232f8963fc1b','38c079ca143f459e8d38952e97a2109a','\0',9,184),(238,'2017-08-28 11:22:56','08cc21901f18424ebb4a232f8963fc1b','ACTIVE','2017-08-29 16:54:52','08cc21901f18424ebb4a232f8963fc1b','ac166dd5319f4cf48c289b7c25be2cfd','\0',9,186),(239,'2017-08-28 11:22:56','08cc21901f18424ebb4a232f8963fc1b','ACTIVE','2017-08-29 16:54:52','08cc21901f18424ebb4a232f8963fc1b','702f7706b4e84de7b634e17062e5823c','\0',9,196),(240,'2017-08-28 11:22:56','08cc21901f18424ebb4a232f8963fc1b','ACTIVE','2017-08-29 16:54:52','08cc21901f18424ebb4a232f8963fc1b','9167477f0a73403f9a29184955a36c3e','\0',9,179),(241,'2017-08-28 11:22:56','08cc21901f18424ebb4a232f8963fc1b','ACTIVE','2017-08-29 16:54:52','08cc21901f18424ebb4a232f8963fc1b','1e11b1bc375646bb9bb2c68399d5d5d3','\0',9,187),(242,'2017-08-28 11:22:56','08cc21901f18424ebb4a232f8963fc1b','ACTIVE','2017-08-29 16:54:52','08cc21901f18424ebb4a232f8963fc1b','1af2938a649e4f3fbfa2ed59efc3f8ad','\0',9,195),(243,'2017-08-28 11:22:56','08cc21901f18424ebb4a232f8963fc1b','ACTIVE','2017-08-29 16:54:52','08cc21901f18424ebb4a232f8963fc1b','71ab82df3616494c9a9622a8e7d61c38','\0',9,181),(244,'2017-08-28 11:22:56','08cc21901f18424ebb4a232f8963fc1b','ACTIVE','2017-08-29 16:54:52','08cc21901f18424ebb4a232f8963fc1b','38a2c3df42034ecfb385c7422d5b168d','\0',9,185),(245,'2017-08-28 11:22:56','08cc21901f18424ebb4a232f8963fc1b','ACTIVE','2017-08-29 16:54:52','08cc21901f18424ebb4a232f8963fc1b','0aa3e830e95742e9be83a6a3f63c5019','\0',9,198),(246,'2017-08-28 11:22:56','08cc21901f18424ebb4a232f8963fc1b','ACTIVE','2017-08-29 16:54:52','08cc21901f18424ebb4a232f8963fc1b','b88a06c587524e33b43ba242e4b0a582','\0',9,211),(247,'2017-08-28 11:22:56','08cc21901f18424ebb4a232f8963fc1b','ACTIVE','2017-08-29 16:54:52','08cc21901f18424ebb4a232f8963fc1b','53692983e75b4c25ae5c40875caf51f2','\0',9,182),(248,'2017-08-28 11:22:56','08cc21901f18424ebb4a232f8963fc1b','ACTIVE','2017-08-29 16:54:52','08cc21901f18424ebb4a232f8963fc1b','891a1640241948efb34ccf281da0aa2b','\0',9,188),(249,'2017-08-28 11:22:56','08cc21901f18424ebb4a232f8963fc1b','ACTIVE','2017-08-29 16:54:52','08cc21901f18424ebb4a232f8963fc1b','ca2c30f1b0214a3e8059b364a39b5e64','\0',9,189),(250,'2017-08-28 11:22:56','08cc21901f18424ebb4a232f8963fc1b','ACTIVE','2017-08-29 16:54:52','08cc21901f18424ebb4a232f8963fc1b','e59bd0c9789c427cb9a8ce9d14f0d05d','\0',9,197),(251,'2017-08-28 11:22:56','08cc21901f18424ebb4a232f8963fc1b','ACTIVE','2017-08-29 16:54:52','08cc21901f18424ebb4a232f8963fc1b','885761fc82f74bf08cff77b1d85b588a','\0',9,180),(252,'2017-08-28 11:22:56','08cc21901f18424ebb4a232f8963fc1b','ACTIVE','2017-08-29 16:54:52','08cc21901f18424ebb4a232f8963fc1b','e0d32f192bc9435587fa0c58ab36ecc6','\0',9,210),(253,'2017-08-28 11:34:26','08cc21901f18424ebb4a232f8963fc1b','ACTIVE','2017-08-29 16:54:52','08cc21901f18424ebb4a232f8963fc1b','d08944dbd56c46a5b4d1351715aff8a4','\0',9,205),(254,'2017-08-28 11:34:26','08cc21901f18424ebb4a232f8963fc1b','ACTIVE','2017-08-29 16:54:52','08cc21901f18424ebb4a232f8963fc1b','002ffc437c4241bbad013a4a3cb05219','\0',9,212),(255,'2017-08-28 11:34:26','08cc21901f18424ebb4a232f8963fc1b','ACTIVE','2017-08-29 16:54:52','08cc21901f18424ebb4a232f8963fc1b','89a6a2309de74a34908d320595e2d8a5','\0',9,214),(256,'2017-08-28 11:34:26','08cc21901f18424ebb4a232f8963fc1b','ACTIVE','2017-08-29 16:54:52','08cc21901f18424ebb4a232f8963fc1b','fed802dcd2ff44f1963b829f382b0ba0','\0',9,208),(257,'2017-08-28 11:34:26','08cc21901f18424ebb4a232f8963fc1b','ACTIVE','2017-08-29 16:54:52','08cc21901f18424ebb4a232f8963fc1b','1f47b012fea944f98c7dff954dc8271c','\0',9,119),(258,'2017-08-28 11:34:26','08cc21901f18424ebb4a232f8963fc1b','ACTIVE','2017-08-29 16:54:52','08cc21901f18424ebb4a232f8963fc1b','ae50cd18f15f4305ac7eb35a7b03aaaf','\0',9,204),(259,'2017-08-28 11:34:26','08cc21901f18424ebb4a232f8963fc1b','ACTIVE','2017-08-29 16:54:52','08cc21901f18424ebb4a232f8963fc1b','9844e0de5bcb41388c91c491c65c16b6','\0',9,213),(260,'2017-08-28 11:34:26','08cc21901f18424ebb4a232f8963fc1b','ACTIVE','2017-08-29 16:54:52','08cc21901f18424ebb4a232f8963fc1b','88ca756ce6d4438d8ccb833fd5d48741','\0',9,206),(261,'2017-08-28 11:34:26','08cc21901f18424ebb4a232f8963fc1b','ACTIVE','2017-08-29 16:54:52','08cc21901f18424ebb4a232f8963fc1b','3654e5eae36b4601ad90df7294dfebee','\0',9,209),(262,'2017-08-28 11:34:26','08cc21901f18424ebb4a232f8963fc1b','ACTIVE','2017-08-29 16:54:52','08cc21901f18424ebb4a232f8963fc1b','de824619a7e6464f997eff47ebddc93f','\0',9,199),(263,'2017-08-28 11:34:26','08cc21901f18424ebb4a232f8963fc1b','ACTIVE','2017-08-29 16:54:52','08cc21901f18424ebb4a232f8963fc1b','4f29e8372ed348be904a5f014b4247f8','\0',9,120),(264,'2017-08-28 15:16:47','08cc21901f18424ebb4a232f8963fc1b','ACTIVE','2017-08-29 16:55:47','08cc21901f18424ebb4a232f8963fc1b','5fd2be0a16cf43949342c98d86ac3b4f','\0',10,217),(265,'2017-08-28 15:16:47','08cc21901f18424ebb4a232f8963fc1b','ACTIVE','2017-08-29 16:55:47','08cc21901f18424ebb4a232f8963fc1b','a91cc45cc45f43d8b9473631545db1b3','\0',10,231),(266,'2017-08-28 15:16:47','08cc21901f18424ebb4a232f8963fc1b','ACTIVE','2017-08-29 16:55:47','08cc21901f18424ebb4a232f8963fc1b','33ebeca9234149ff99d9284b6a209ff5','\0',10,238),(267,'2017-08-28 15:16:47','08cc21901f18424ebb4a232f8963fc1b','ACTIVE','2017-08-29 16:55:47','08cc21901f18424ebb4a232f8963fc1b','197f4faa5b69438eaaebd9928378c213','\0',10,220),(268,'2017-08-28 15:16:47','08cc21901f18424ebb4a232f8963fc1b','ACTIVE','2017-08-29 16:55:47','08cc21901f18424ebb4a232f8963fc1b','f701095a968441f694c63310a1e8d81a','\0',10,235),(269,'2017-08-28 15:16:47','08cc21901f18424ebb4a232f8963fc1b','ACTIVE','2017-08-29 16:55:47','08cc21901f18424ebb4a232f8963fc1b','32dbbd50c24843b8a2317effa083aedf','\0',10,216),(270,'2017-08-28 15:16:47','08cc21901f18424ebb4a232f8963fc1b','ACTIVE','2017-08-29 16:55:47','08cc21901f18424ebb4a232f8963fc1b','2506df1a7f14497ebb4f6579cfff6d52','\0',10,247),(271,'2017-08-28 15:16:47','08cc21901f18424ebb4a232f8963fc1b','ACTIVE','2017-08-29 16:55:47','08cc21901f18424ebb4a232f8963fc1b','16e093ca4e0846389af81e2ed0aa5ada','\0',10,228),(272,'2017-08-28 15:16:47','08cc21901f18424ebb4a232f8963fc1b','ACTIVE','2017-08-29 16:55:47','08cc21901f18424ebb4a232f8963fc1b','b2525215fd7d4cd9957197e46e564dee','\0',10,219),(273,'2017-08-28 15:16:47','08cc21901f18424ebb4a232f8963fc1b','ACTIVE','2017-08-29 16:55:47','08cc21901f18424ebb4a232f8963fc1b','21347efe921f45638b5beaef41b78559','\0',10,218),(274,'2017-08-28 15:16:47','08cc21901f18424ebb4a232f8963fc1b','ACTIVE','2017-08-29 16:55:47','08cc21901f18424ebb4a232f8963fc1b','1a70199669b8494a929c0797f983d95e','\0',10,223),(275,'2017-08-28 15:16:47','08cc21901f18424ebb4a232f8963fc1b','ACTIVE','2017-08-29 16:55:47','08cc21901f18424ebb4a232f8963fc1b','24c8749bfb59421c84bfe9b2114a9b1d','\0',10,248),(276,'2017-08-28 15:16:47','08cc21901f18424ebb4a232f8963fc1b','ACTIVE','2017-08-29 16:55:47','08cc21901f18424ebb4a232f8963fc1b','d5d5b3377542466cbf6b6e5cac05aeaf','\0',10,237),(277,'2017-08-28 15:16:47','08cc21901f18424ebb4a232f8963fc1b','ACTIVE','2017-08-29 16:55:47','08cc21901f18424ebb4a232f8963fc1b','c053adf1707c44a3949804e5c27da9a6','\0',10,122),(278,'2017-08-28 15:16:47','08cc21901f18424ebb4a232f8963fc1b','ACTIVE','2017-08-29 16:55:47','08cc21901f18424ebb4a232f8963fc1b','3e02525bc3da47e1b3a0253ffe34ab8b','\0',10,242),(279,'2017-08-28 15:16:47','08cc21901f18424ebb4a232f8963fc1b','ACTIVE','2017-08-29 16:55:47','08cc21901f18424ebb4a232f8963fc1b','db9a167887404ab0bbe085332c74106c','\0',10,233),(280,'2017-08-28 15:16:47','08cc21901f18424ebb4a232f8963fc1b','ACTIVE','2017-08-29 16:55:47','08cc21901f18424ebb4a232f8963fc1b','a9c731f0fd8546289a9a7d8c7279697d','\0',10,240),(281,'2017-08-28 15:16:47','08cc21901f18424ebb4a232f8963fc1b','ACTIVE','2017-08-29 16:55:47','08cc21901f18424ebb4a232f8963fc1b','a794c6fec42f4e358fa2c1953824b0b3','\0',10,234),(282,'2017-08-28 15:16:47','08cc21901f18424ebb4a232f8963fc1b','ACTIVE','2017-08-29 16:55:47','08cc21901f18424ebb4a232f8963fc1b','8807dce6c126445481567ea0e5b5cd08','\0',10,241),(283,'2017-08-28 15:16:47','08cc21901f18424ebb4a232f8963fc1b','ACTIVE','2017-08-29 16:55:47','08cc21901f18424ebb4a232f8963fc1b','d58eaadef38d4aaaa249cc2d232170d1','\0',10,250),(284,'2017-08-28 15:16:47','08cc21901f18424ebb4a232f8963fc1b','ACTIVE','2017-08-29 16:55:47','08cc21901f18424ebb4a232f8963fc1b','3dfc450b17ed48a7ba37c26dac3b8570','\0',10,227),(285,'2017-08-28 15:16:47','08cc21901f18424ebb4a232f8963fc1b','ACTIVE','2017-08-29 16:55:47','08cc21901f18424ebb4a232f8963fc1b','3ff5ae3f2fa2409a9ae86c0bdaf19934','\0',10,230),(286,'2017-08-28 15:16:47','08cc21901f18424ebb4a232f8963fc1b','ACTIVE','2017-08-29 16:55:47','08cc21901f18424ebb4a232f8963fc1b','6d5cf20929524359aa0c814cb015e441','\0',10,236),(287,'2017-08-28 15:16:47','08cc21901f18424ebb4a232f8963fc1b','ACTIVE','2017-08-29 16:55:47','08cc21901f18424ebb4a232f8963fc1b','5b19dd8aea5d4a8bb1631733f251675f','\0',10,245),(288,'2017-08-28 15:16:47','08cc21901f18424ebb4a232f8963fc1b','ACTIVE','2017-08-29 16:55:47','08cc21901f18424ebb4a232f8963fc1b','e990e651c7854b91bf426901cb338840','\0',10,243),(289,'2017-08-28 15:16:47','08cc21901f18424ebb4a232f8963fc1b','ACTIVE','2017-08-29 16:55:47','08cc21901f18424ebb4a232f8963fc1b','f0964c5808c840d7aa5c947f008905d7','\0',10,222),(290,'2017-08-28 15:16:47','08cc21901f18424ebb4a232f8963fc1b','ACTIVE','2017-08-29 16:55:47','08cc21901f18424ebb4a232f8963fc1b','418cfafa71d2479b99ecf0d673fe0b8f','\0',10,246),(291,'2017-08-28 15:16:47','08cc21901f18424ebb4a232f8963fc1b','ACTIVE','2017-08-29 16:55:47','08cc21901f18424ebb4a232f8963fc1b','f75609a4b9d04a2b96412366e5b67331','\0',10,226),(292,'2017-08-28 15:16:47','08cc21901f18424ebb4a232f8963fc1b','ACTIVE','2017-08-29 16:55:47','08cc21901f18424ebb4a232f8963fc1b','870c43a94225440e9fb2713d97145563','\0',10,225),(293,'2017-08-28 15:16:47','08cc21901f18424ebb4a232f8963fc1b','ACTIVE','2017-08-29 16:55:47','08cc21901f18424ebb4a232f8963fc1b','2500e2f6e6dc4773b944cdeef0f5e140','\0',10,239),(294,'2017-08-28 15:16:47','08cc21901f18424ebb4a232f8963fc1b','INACTIVE','2017-08-28 16:23:23','08cc21901f18424ebb4a232f8963fc1b','eea61f3c9217402a9b75b80ef666f12e','\0',10,150),(295,'2017-08-28 15:16:47','08cc21901f18424ebb4a232f8963fc1b','ACTIVE','2017-08-29 16:55:47','08cc21901f18424ebb4a232f8963fc1b','be9cfd97f0174f4f86c83fa6881be06c','\0',10,221),(296,'2017-08-28 15:16:47','08cc21901f18424ebb4a232f8963fc1b','ACTIVE','2017-08-29 16:55:47','08cc21901f18424ebb4a232f8963fc1b','e479e8c14b804d12a9a70a07c6790245','\0',10,229),(297,'2017-08-28 15:16:47','08cc21901f18424ebb4a232f8963fc1b','ACTIVE','2017-08-29 16:55:47','08cc21901f18424ebb4a232f8963fc1b','33aac25570c644fb8ab82e0733ce0f59','\0',10,215),(298,'2017-08-28 15:16:47','08cc21901f18424ebb4a232f8963fc1b','ACTIVE','2017-08-29 16:55:47','08cc21901f18424ebb4a232f8963fc1b','abb93044e5474abcac572fa1b073d9f5','\0',10,224),(299,'2017-08-28 15:16:47','08cc21901f18424ebb4a232f8963fc1b','ACTIVE','2017-08-29 16:55:47','08cc21901f18424ebb4a232f8963fc1b','91895dcf8a224a479e397f26c55c9e5c','\0',10,232),(300,'2017-08-28 15:16:47','08cc21901f18424ebb4a232f8963fc1b','ACTIVE','2017-08-29 16:55:47','08cc21901f18424ebb4a232f8963fc1b','857803c2c3cb4000b829bf0deeef7d9c','\0',10,249),(301,'2017-08-28 15:31:49','08cc21901f18424ebb4a232f8963fc1b','ACTIVE','2017-08-29 16:55:47','08cc21901f18424ebb4a232f8963fc1b','a4ec0c3c7fbe4e69a7e53415b3986113','\0',10,244),(302,'2017-08-28 16:05:40','08cc21901f18424ebb4a232f8963fc1b','ACTIVE','2017-08-29 16:56:15','08cc21901f18424ebb4a232f8963fc1b','bf9bb9b7502c4574ad5cc7711fcdf0d5','\0',11,217),(303,'2017-08-28 16:05:40','08cc21901f18424ebb4a232f8963fc1b','ACTIVE','2017-08-29 16:56:15','08cc21901f18424ebb4a232f8963fc1b','7784f924963847fd8b7da1e6bf0b114c','\0',11,252),(304,'2017-08-28 16:05:40','08cc21901f18424ebb4a232f8963fc1b','ACTIVE','2017-08-29 16:56:15','08cc21901f18424ebb4a232f8963fc1b','cb25d282a7a84dcfbab3ead91a68cff6','\0',11,238),(305,'2017-08-28 16:05:40','08cc21901f18424ebb4a232f8963fc1b','ACTIVE','2017-08-29 16:56:15','08cc21901f18424ebb4a232f8963fc1b','1d94b0c19944459eaa511f652535055a','\0',11,220),(306,'2017-08-28 16:05:40','08cc21901f18424ebb4a232f8963fc1b','ACTIVE','2017-08-29 16:56:15','08cc21901f18424ebb4a232f8963fc1b','e8dbda76ef1f4ebda55c06867dfc1f44','\0',11,235),(307,'2017-08-28 16:05:40','08cc21901f18424ebb4a232f8963fc1b','ACTIVE','2017-08-29 16:56:15','08cc21901f18424ebb4a232f8963fc1b','2c493d56f59d49ba848265953166c5b8','\0',11,216),(308,'2017-08-28 16:05:40','08cc21901f18424ebb4a232f8963fc1b','ACTIVE','2017-08-29 16:56:15','08cc21901f18424ebb4a232f8963fc1b','d5e4256eb1464bcc974ab529e0e1107a','\0',11,253),(309,'2017-08-28 16:05:40','08cc21901f18424ebb4a232f8963fc1b','ACTIVE','2017-08-29 16:56:15','08cc21901f18424ebb4a232f8963fc1b','d7b0d2ad44364a56bf41c83f1b1b50a8','\0',11,247),(310,'2017-08-28 16:05:40','08cc21901f18424ebb4a232f8963fc1b','ACTIVE','2017-08-29 16:56:15','08cc21901f18424ebb4a232f8963fc1b','771157c5af524fec910696ce38e81f67','\0',11,219),(311,'2017-08-28 16:05:40','08cc21901f18424ebb4a232f8963fc1b','ACTIVE','2017-08-29 16:56:15','08cc21901f18424ebb4a232f8963fc1b','dec7371e152f49048131bce518253457','\0',11,120),(312,'2017-08-28 16:05:40','08cc21901f18424ebb4a232f8963fc1b','ACTIVE','2017-08-29 16:56:15','08cc21901f18424ebb4a232f8963fc1b','691ddedcef7448a6a58d3e4451f0fa23','\0',11,218),(313,'2017-08-28 16:05:40','08cc21901f18424ebb4a232f8963fc1b','ACTIVE','2017-08-29 16:56:15','08cc21901f18424ebb4a232f8963fc1b','1d1c0f9673564cc8a4c5e986d7770eb9','\0',11,254),(314,'2017-08-28 16:05:40','08cc21901f18424ebb4a232f8963fc1b','ACTIVE','2017-08-29 16:56:15','08cc21901f18424ebb4a232f8963fc1b','a01e9915875047d6af748219d267993b','\0',11,248),(315,'2017-08-28 16:05:40','08cc21901f18424ebb4a232f8963fc1b','ACTIVE','2017-08-29 16:56:15','08cc21901f18424ebb4a232f8963fc1b','b38440dc5b684feea088c9f0846bf93e','\0',11,237),(316,'2017-08-28 16:05:40','08cc21901f18424ebb4a232f8963fc1b','ACTIVE','2017-08-29 16:56:15','08cc21901f18424ebb4a232f8963fc1b','cd032c11725f47f5a0cf119f394d8ee2','\0',11,122),(317,'2017-08-28 16:05:40','08cc21901f18424ebb4a232f8963fc1b','ACTIVE','2017-08-29 16:56:15','08cc21901f18424ebb4a232f8963fc1b','bf52ab94a10740fe81d9ffd566c3e2e6','\0',11,242),(318,'2017-08-28 16:05:40','08cc21901f18424ebb4a232f8963fc1b','ACTIVE','2017-08-29 16:56:15','08cc21901f18424ebb4a232f8963fc1b','6494461f6a0145e48b38644787d10ef3','\0',11,233),(319,'2017-08-28 16:05:40','08cc21901f18424ebb4a232f8963fc1b','ACTIVE','2017-08-29 16:56:15','08cc21901f18424ebb4a232f8963fc1b','bc1d40d1c4804fdda2f8c3def739ecf7','\0',11,240),(320,'2017-08-28 16:05:40','08cc21901f18424ebb4a232f8963fc1b','ACTIVE','2017-08-29 16:56:15','08cc21901f18424ebb4a232f8963fc1b','42ae6b74528f41e9baf1e497789f9c75','\0',11,241),(321,'2017-08-28 16:05:40','08cc21901f18424ebb4a232f8963fc1b','ACTIVE','2017-08-29 16:56:15','08cc21901f18424ebb4a232f8963fc1b','437ada4410d54779ad54a3bbe28c5d55','\0',11,250),(322,'2017-08-28 16:05:40','08cc21901f18424ebb4a232f8963fc1b','ACTIVE','2017-08-29 16:56:15','08cc21901f18424ebb4a232f8963fc1b','d43a4ab2994d402e92afcbfff9622ef0','\0',11,236),(323,'2017-08-28 16:05:40','08cc21901f18424ebb4a232f8963fc1b','ACTIVE','2017-08-29 16:56:15','08cc21901f18424ebb4a232f8963fc1b','a5ecb53faa4947f7ad48197e7b44e1d7','\0',11,251),(324,'2017-08-28 16:05:40','08cc21901f18424ebb4a232f8963fc1b','ACTIVE','2017-08-29 16:56:15','08cc21901f18424ebb4a232f8963fc1b','96c0ec548b834b2bbde0d855f2607549','\0',11,245),(325,'2017-08-28 16:05:40','08cc21901f18424ebb4a232f8963fc1b','ACTIVE','2017-08-29 16:56:15','08cc21901f18424ebb4a232f8963fc1b','10cb4659531a4ac289c0eff9c01f5531','\0',11,243),(326,'2017-08-28 16:05:40','08cc21901f18424ebb4a232f8963fc1b','ACTIVE','2017-08-29 16:56:15','08cc21901f18424ebb4a232f8963fc1b','27ffc09081b9431a8619547ebe415aeb','\0',11,222),(327,'2017-08-28 16:05:40','08cc21901f18424ebb4a232f8963fc1b','ACTIVE','2017-08-29 16:56:15','08cc21901f18424ebb4a232f8963fc1b','7f614389f5bc4b38b3055bc1e47535b8','\0',11,246),(328,'2017-08-28 16:05:40','08cc21901f18424ebb4a232f8963fc1b','ACTIVE','2017-08-29 16:56:15','08cc21901f18424ebb4a232f8963fc1b','1084a98a6ec2450890cb18ea006c5b02','\0',11,255),(329,'2017-08-28 16:05:40','08cc21901f18424ebb4a232f8963fc1b','ACTIVE','2017-08-29 16:56:15','08cc21901f18424ebb4a232f8963fc1b','45155c250bb8472f97c0c7b1bbf28800','\0',11,239),(330,'2017-08-28 16:05:40','08cc21901f18424ebb4a232f8963fc1b','ACTIVE','2017-08-29 16:56:15','08cc21901f18424ebb4a232f8963fc1b','e4276874d0614a5c8cac668d03b4c7f0','\0',11,221),(331,'2017-08-28 16:05:40','08cc21901f18424ebb4a232f8963fc1b','ACTIVE','2017-08-29 16:56:15','08cc21901f18424ebb4a232f8963fc1b','2550fccc477b4f0daa91959c8872a403','\0',11,215),(332,'2017-08-28 16:05:40','08cc21901f18424ebb4a232f8963fc1b','ACTIVE','2017-08-29 16:56:15','08cc21901f18424ebb4a232f8963fc1b','c3f63b9270ab4a7e9db2d2db112c97f2','\0',11,244),(333,'2017-08-28 16:05:40','08cc21901f18424ebb4a232f8963fc1b','ACTIVE','2017-08-29 16:56:15','08cc21901f18424ebb4a232f8963fc1b','15503b326c2547ea9804b3a043178834','\0',11,256),(334,'2017-08-28 16:05:40','08cc21901f18424ebb4a232f8963fc1b','ACTIVE','2017-08-29 16:56:15','08cc21901f18424ebb4a232f8963fc1b','0cddc49f9a284108b2233936c285b602','\0',11,249),(335,'2017-08-28 16:08:02','08cc21901f18424ebb4a232f8963fc1b','ACTIVE','2017-08-29 16:50:02','08cc21901f18424ebb4a232f8963fc1b','a695413f576342e189b08c39d56d312a','\0',5,120),(336,'2017-08-29 12:56:23','08cc21901f18424ebb4a232f8963fc1b','ACTIVE','2017-08-29 16:51:47','08cc21901f18424ebb4a232f8963fc1b','bc1e981a17d84cfea6879a71270c2428','\0',6,120),(337,'2017-08-29 12:56:56','08cc21901f18424ebb4a232f8963fc1b','ACTIVE','2017-08-29 16:53:52','08cc21901f18424ebb4a232f8963fc1b','c21239647a5e4619b28d3c3668978799','\0',7,120),(338,'2017-08-29 12:57:23','08cc21901f18424ebb4a232f8963fc1b','ACTIVE','2017-08-29 16:55:47','08cc21901f18424ebb4a232f8963fc1b','a976e3c79afb41ed8eb3e4085f359c5c','\0',10,120);
UNLOCK TABLES;

-- TO ENABLE CONSTRAINTS CHECK
SET foreign_key_checks = 1;
