-- CARRERS
DROP TABLE IF EXISTS `CARRERS`;

CREATE TABLE `CARRERS` (
  `ID` bigint(20) NOT NULL AUTO_INCREMENT,
  `CREATED_AT` datetime NOT NULL,
  `CREATED_BY` bigint(20) NOT NULL,
  `LIFE_CYCLE_STATUS` varchar(100) NOT NULL,
  `UPDATED_AT` datetime DEFAULT NULL,
  `UPDATED_BY` bigint(20) DEFAULT NULL,
  `UUID` varchar(50) NOT NULL,
  `CARRER_TYPE` varchar(50) NOT NULL,
  `POSITION` varchar(80) NOT NULL,
  PRIMARY KEY (`ID`)
) ENGINE=InnoDB AUTO_INCREMENT=90 DEFAULT CHARSET=latin1;

INSERT INTO `CARRERS` VALUES (1,NOW(),1,'ACTIVE',NULL,NULL,'ccb601f3c3984b36833e7264b22bafba','HEALTH_TECHNICAL_ASSISTANT','Agente de administração hospitalar'),
							 (2,NOW(),1,'ACTIVE',NULL,NULL,'3449d21f6d0a43f49c322c4766995f94','HEALTH_TECHNICAL_ASSISTANT','Enfermeiro'),
							 (3,NOW(),1,'ACTIVE',NULL,NULL,'49b50570a15442d8a4619a7a7f91c735','HEALTH_TECHNICAL_ASSISTANT','Enfermeiro de saúde materno-infantil'),
							 (4,NOW(),1,'ACTIVE',NULL,NULL,'4bc11262a4814eb1ad48f9c8d763a0fb','HEALTH_TECHNICAL_ASSISTANT','Agente de farmácia'),
							 (5,NOW(),1,'ACTIVE',NULL,NULL,'6c17dcca98334c8a9c3bf922d2259980','HEALTH_TECHNICAL_ASSISTANT','Agente de laboratório'),
							 (6,NOW(),1,'ACTIVE',NULL,NULL,'3c374e82666747bdbf972b8eeec8fc6b','HEALTH_TECHNICAL_ASSISTANT','Agente de medicina'),
							 (7,NOW(),1,'ACTIVE',NULL,NULL,'89746972f1de47929313bb545e92b81e','HEALTH_TECHNICAL_ASSISTANT','Agente de medicina física e reabilitação'),
							 (8,NOW(),1,'ACTIVE',NULL,NULL,'f499c5fef61c44d8ab88d900035e6f86','HEALTH_TECHNICAL_ASSISTANT','Agente de medicina preventiva '),
							 (9,NOW(),1,'ACTIVE',NULL,NULL,'be014d0a2cdf49bd92917caa89e0ed67','HEALTH_TECHNICAL_ASSISTANT','Agente de nutrição'),
							 (10,NOW(),1,'ACTIVE',NULL,NULL,'8e310a7cd6344024b90080d498cb8f87','HEALTH_TECHNICAL_ASSISTANT','Agente de Estomatologia'),
							 (11,NOW(),1,'ACTIVE',NULL,NULL,'6dc1c9e021204f35913c66b01d5c04c7','HEALTH_TECHNICAL_ASSISTANT','Agente De Ortoprotesia'),
							 (12,NOW(),1,'ACTIVE',NULL,NULL,'f9b694a36f4047cfa70402c841a4d125','HEALTH_TECHNICAL_ASSISTANT','Agente de electromedicina '),
							 (13,NOW(),1,'ACTIVE',NULL,NULL,'dfe34909ede74efbabf63101bb1c7f9f','HEALTH_TECHNICAL_ASSISTANT','Agente de Radiologia'),
							 (14,NOW(),1,'ACTIVE',NULL,NULL,'91f1ffbc75be47d898217897fa669ef6','ADMINISTRATIVE_ASSISTANT','Auxiliar técnico de laboratório'),
							 (15,NOW(),1,'ACTIVE',NULL,NULL,'d940fd9be62a4cc0ad27b58a3057e2e2','HEALTH_TECHNICIAN_AUXILIARY','Enfermeiro elementar '),
							 (16,NOW(),1,'ACTIVE',NULL,NULL,'d009a308656c4a1997fa7329e564d271','HEALTH_TECHNICIAN_AUXILIARY','Parteira elementar'),
							 (17,NOW(),1,'ACTIVE',NULL,NULL,'fa11b1639afe4d3887ca647302d57e93','HEALTH_TECHNICIAN_AUXILIARY','Auxiliar de farmácia'),
							 (18,NOW(),1,'ACTIVE',NULL,NULL,'0b733dfbc1144190bbbd11c8ca121ae9','HEALTH_TECHNICIAN_AUXILIARY','Microscopista'),
							 (19,NOW(),1,'ACTIVE',NULL,NULL,'2b85e9e5602d4bf68eaf7fd4190d627a','HEALTH_TECHNICIAN_AUXILIARY','Auxiliar de reabilitação'),
							 (20,NOW(),1,'ACTIVE',NULL,NULL,'507c2f8bfa8747b5afc5b44b18f4fc00','HEALTH_TECHNICIAN_AUXILIARY','Auxiliar técnico de odontoestomatologia'),
							 (21,NOW(),1,'ACTIVE',NULL,NULL,'4360d3fbec39430db809fffd0fb29be5','HEALTH_TECHNICIAN_AUXILIARY','Auxiliar Oculista'),
							 (22,NOW(),1,'ACTIVE',NULL,NULL,'beba6bfcfbc1437bbc03f014a52d1d44','HEALTH_TECHNICIAN_AUXILIARY','Auxiliar técnico de electromedicina'),
							 (23,NOW(),1,'ACTIVE',NULL,NULL,'ab9a0fca357e45c3af12288faddbc16a','HEALTH_SPECIALIST','Especialista de Saúde'),
							 (24,NOW(),1,'ACTIVE',NULL,NULL,'695f382fb8d54ab99bd66fa98c1b3566','MEDICAL_PUBLIC_HEALTH','Médico de Saúde Pública Assistente'),
							 (25,NOW(),1,'ACTIVE',NULL,NULL,'b02ba1445187421abebec335e59592f7','MEDICAL_GENERALIST','Médica Generalista Principal '),
							 (26,NOW(),1,'ACTIVE',NULL,NULL,'1d9eeced10144909a36daa116337ec2b','MEDICAL_HOSPITAL','Médica Hospitalar Assistente'),
							 (27,NOW(),1,'ACTIVE',NULL,NULL,'06ce7dbc381645968976e2691b57a166','HEALTH_TECHNICIAN','Técnico de administração hospitalar'),
							 (28,NOW(),1,'ACTIVE',NULL,NULL,'4c9c3e0a040340c68a3bf773ab1b2f59','HEALTH_TECHNICIAN','Técnico de anestesiologia'),
							 (29,NOW(),1,'ACTIVE',NULL,NULL,'264fb711230747ffb721cf513a46978f','HEALTH_TECHNICIAN','Enfermeiro '),
							 (30,NOW(),1,'ACTIVE',NULL,NULL,'6d87e374542b416099e64e36c592d888','HEALTH_TECHNICIAN','Enfermeiro de saúde materno infantil'),
							 (31,NOW(),1,'ACTIVE',NULL,NULL,'195fdff1be564fe283a9e69ff42c6074','HEALTH_TECHNICIAN','Técnico de estatística sanitária'),
							 (32,NOW(),1,'ACTIVE',NULL,NULL,'32df5c9a525b4c099f999dbeee9dc34b','HEALTH_TECHNICIAN','Técnico de farmácia'),
							 (33,NOW(),1,'ACTIVE',NULL,NULL,'5f70ab70cfa149f2a6017b65bd9691a8','HEALTH_TECHNICIAN','Técnico de instrumentação'),
							 (34,NOW(),1,'ACTIVE',NULL,NULL,'f750cd3e39c046bcb0bb3244be1b6d1e','HEALTH_TECHNICIAN','Técnico de laboratório'),
							 (35,NOW(),1,'ACTIVE',NULL,NULL,'685aaab865d14b6ebe0b2463aabb566e','HEALTH_TECHNICIAN','Técnico de medicina '),
							 (36,NOW(),1,'ACTIVE',NULL,NULL,'8125fc89ef2a4b409b40d9839b6cad1e','HEALTH_TECHNICIAN','Técnico de medicina física e reabilitação'),
							 (37,NOW(),1,'ACTIVE',NULL,NULL,'69b9926bd8394ed7b6c4f0ad01619d2c','HEALTH_TECHNICIAN','Técnico de medicina preventiva '),
							 (38,NOW(),1,'ACTIVE',NULL,NULL,'0b582d19399e41b1a2caf19c0299765a','HEALTH_TECHNICIAN','Técnico de nutrição '),
							 (39,NOW(),1,'ACTIVE',NULL,NULL,'904fda394ff54269b48de87bc8ca60af','HEALTH_TECHNICIAN','Técnico de odontoestomatologia'),
							 (40,NOW(),1,'ACTIVE',NULL,NULL,'b84a6c6cb6094688bef993fc30e9c034','HEALTH_TECHNICIAN','Técnico de oftalmologia '),
							 (41,NOW(),1,'ACTIVE',NULL,NULL,'28078f6fe0204687aa6aef698ac8f62c','HEALTH_TECHNICIAN','Técnico de prótese'),
							 (42,NOW(),1,'ACTIVE',NULL,NULL,'29b13391ef1444ee9848065535326805','HEALTH_TECHNICIAN','Técnico de otorrinolaringologia'),
							 (43,NOW(),1,'ACTIVE',NULL,NULL,'a374233555864314bfe579e3285f3163','HEALTH_TECHNICIAN','Técnico de electromedicina '),
							 (44,NOW(),1,'ACTIVE',NULL,NULL,'7d22fa34b12b4c9a809aa54cd4a8ca4b','HEALTH_TECHNICIAN','Técnico de psiquiatria e saúde mental'),
							 (45,NOW(),1,'ACTIVE',NULL,NULL,'876780adb205493bb1b7ad23816df2b5','HEALTH_TECHNICIAN','Técnico de radiologia'),
							 (46,NOW(),1,'ACTIVE',NULL,NULL,'2b63b3639ec8423b952bbe231b5252b9','HEALTH_TECHNICIAL_SPECIALIST','Técnico de administração hospitalar'),
							 (47,NOW(),1,'ACTIVE',NULL,NULL,'16331932d7d647a59b80feaa11d6e5a5','HEALTH_TECHNICIAL_SPECIALIST','Técnico de anestesiologia'),
							 (48,NOW(),1,'ACTIVE',NULL,NULL,'94760538a14c427483eeb06a74a6be73','HEALTH_TECHNICIAL_SPECIALIST','Técnico de cirurgia'),
							 (49,NOW(),1,'ACTIVE',NULL,NULL,'630d7c313e2847209d9026ff64c92ecd','HEALTH_TECHNICIAL_SPECIALIST','Enfermeiro geral'),
							 (50,NOW(),1,'ACTIVE',NULL,NULL,'b0288b9ee08a4f07908a3bfd7175fa24','HEALTH_TECHNICIAL_SPECIALIST','Enfermeiro de saúde materno infantil'),
							 (51,NOW(),1,'ACTIVE',NULL,NULL,'12f2c8dd58e44eb1996838734085eecf','HEALTH_TECHNICIAL_SPECIALIST','Técnico de farmácia'),
							 (52,NOW(),1,'ACTIVE',NULL,NULL,'1f63a4b1d64c4f258ebc5dea0ee54645','HEALTH_TECHNICIAL_SPECIALIST','Técnico de instrumentação'),
							 (53,NOW(),1,'ACTIVE',NULL,NULL,'f0cca79961fa41318abd7e7efffecb96','HEALTH_TECHNICIAL_SPECIALIST','Técnico de laboratório'),
							 (54,NOW(),1,'ACTIVE',NULL,NULL,'ec8e669b675f4a97a6ff0c5a0ff90d64','HEALTH_TECHNICIAL_SPECIALIST','Técnico de medicina'),
							 (55,NOW(),1,'ACTIVE',NULL,NULL,'885ebd500e3e4e87895ca05fc3beadc9','HEALTH_TECHNICIAL_SPECIALIST','Técnico de medicina física e reabilitação'),
							 (56,NOW(),1,'ACTIVE',NULL,NULL,'eeafc31092d24853bb423cb3e85babf0','HEALTH_TECHNICIAL_SPECIALIST','Técnico de medicina preventiva'),
							 (57,NOW(),1,'ACTIVE',NULL,NULL,'5a7e907be4da4d31b6a2b65e5d8885d1','HEALTH_TECHNICIAL_SPECIALIST','Técnico de odontoestomatologia '),
							 (58,NOW(),1,'ACTIVE',NULL,NULL,'646f0fafef9346c0ab5b6a0624d1ab37','HEALTH_TECHNICIAL_SPECIALIST','Técnico de oftalmologia'),
							 (59,NOW(),1,'ACTIVE',NULL,NULL,'797d3afc69a5410a8fe5d3f4e8ef5bfc','HEALTH_TECHNICIAL_SPECIALIST','Técnico de psiquiatria e saúde mental'),
							 (60,NOW(),1,'ACTIVE',NULL,NULL,'dee2c4d0b602454a985300bee1eb84a5','HEALTH_TECHNICIAL_SPECIALIST','Técnico de radiologia'),
							 (61,NOW(),1,'ACTIVE',NULL,NULL,'54dd50a7c7f849c88c4da8001f4db772','HEALTH_ASSOCIATE_DEGREE_N1','Técnico de administração hospitalar A'),
							 (62,NOW(),1,'ACTIVE',NULL,NULL,'3a162931fd574614ab6c76a56b0629e2','HEALTH_ASSOCIATE_DEGREE_N1','Anestesita A'),
							 (63,NOW(),1,'ACTIVE',NULL,NULL,'e37b038da0c64e4295b143da48123c44','HEALTH_ASSOCIATE_DEGREE_N1','Técnico de cirurgia A'),
							 (64,NOW(),1,'ACTIVE',NULL,NULL,'9107b69c516542db8f3a20d126b69f8d','HEALTH_ASSOCIATE_DEGREE_N1','Enfermeiro A'),
							 (65,NOW(),1,'ACTIVE',NULL,NULL,'44f6b60c22af49d280a483a03112d6e1','HEALTH_ASSOCIATE_DEGREE_N1','Enfermeiro de SMI A'),
							 (66,NOW(),1,'ACTIVE',NULL,NULL,'d51dc35b772943359598c2d8c3d8a98d','HEALTH_ASSOCIATE_DEGREE_N1','Farmacéutico A'),
							 (67,NOW(),1,'ACTIVE',NULL,NULL,'7d553838871941b193bb344abf02a8fc','HEALTH_ASSOCIATE_DEGREE_N1','Técnico de laboratório A'),
							 (68,NOW(),1,'ACTIVE',NULL,NULL,'ba7dcc8cb1a04005a842fccb519b1ba6','HEALTH_ASSOCIATE_DEGREE_N1','Fisioterapeuta A'),
							 (69,NOW(),1,'ACTIVE',NULL,NULL,'995c9d85ae1b4630a8ce11e8f70ca6a0','HEALTH_ASSOCIATE_DEGREE_N1','Técnico de saude publica A'),
							 (70,NOW(),1,'ACTIVE',NULL,NULL,'3f7350db6daf43e7b2bc7fd2bad1fc85','HEALTH_ASSOCIATE_DEGREE_N1','Nutricionista A'),
							 (71,NOW(),1,'ACTIVE',NULL,NULL,'673de343cc224f6b9dcdeb5274bdfe11','HEALTH_ASSOCIATE_DEGREE_N1','Odontoestomatologista A'),
							 (72,NOW(),1,'ACTIVE',NULL,NULL,'db84485b9e7844aea33ebed16d04da96','HEALTH_ASSOCIATE_DEGREE_N1','Técnico de prótese A'),
							 (73,NOW(),1,'ACTIVE',NULL,NULL,'8aa0c60326a649a7a6683ef3cf3a39f9','HEALTH_ASSOCIATE_DEGREE_N1','Psicologo clinico A'),
							 (74,NOW(),1,'ACTIVE',NULL,NULL,'7113b9d7da3243f1af6c22f5e75859ad','HEALTH_ASSOCIATE_DEGREE_N1','Técnico de Radiologia A'),
							 (75,NOW(),1,'ACTIVE',NULL,NULL,'8beae00dba1c489e80e8fac326f838bf','HEALTH_ASSOCIATE_DEGREE_N2','Anestesita B'),
							 (76,NOW(),1,'ACTIVE',NULL,NULL,'08dd3a2efaa745d3b06179f9eef23c76','HEALTH_ASSOCIATE_DEGREE_N2','Técnico de cirurgia B'),
							 (77,NOW(),1,'ACTIVE',NULL,NULL,'115abdf776a942c8a1e3afac311a70f3','HEALTH_ASSOCIATE_DEGREE_N2','Enfermeiro B'),
							 (78,NOW(),1,'ACTIVE',NULL,NULL,'25faeb61b2b647bc9a5d6208c2736c49','HEALTH_ASSOCIATE_DEGREE_N2','Enfermeiro de SMI B'),
							 (79,NOW(),1,'ACTIVE',NULL,NULL,'73d358df016c47ecb67349266fd638be','HEALTH_ASSOCIATE_DEGREE_N2','Farmacéutico B'),
							 (80,NOW(),1,'ACTIVE',NULL,NULL,'7445704099474e5c8feda2b97980ac29','HEALTH_ASSOCIATE_DEGREE_N2','Técnico de instrumentação B'),
							 (81,NOW(),1,'ACTIVE',NULL,NULL,'463047f87e9e4b38aafc4b2450c1728a','HEALTH_ASSOCIATE_DEGREE_N2','Tecnico De Laboratorio B'),
							 (82,NOW(),1,'ACTIVE',NULL,NULL,'799d909cbd91410d8bcdf9668fa7e706','HEALTH_ASSOCIATE_DEGREE_N2','Técnico de medicina B'),
							 (83,NOW(),1,'ACTIVE',NULL,NULL,'b7446949fe71446e9d4ebc9d6715e7e2','HEALTH_ASSOCIATE_DEGREE_N2','Fisioterapeuta B'),
							 (84,NOW(),1,'ACTIVE',NULL,NULL,'e66c0ade230d4c70a8273d4a5f1d5cb7','HEALTH_ASSOCIATE_DEGREE_N2','Técnico de medicina preventiva B'),
							 (85,NOW(),1,'ACTIVE',NULL,NULL,'9080ccde9fe64ed884025c9468ef1c99','HEALTH_ASSOCIATE_DEGREE_N2','Técnico de nutrição B'),
							 (86,NOW(),1,'ACTIVE',NULL,NULL,'e3d00a6fea7d405fab6ea3c8be63482f','HEALTH_ASSOCIATE_DEGREE_N2','Odontoestomatologista B'),
							 (87,NOW(),1,'ACTIVE',NULL,NULL,'9ee648c454a54e4483e47e45bd140b9c','HEALTH_ASSOCIATE_DEGREE_N2','Técnico de prótese B'),
							 (88,NOW(),1,'ACTIVE',NULL,NULL,'a86826f13c184847aebd97019000952f','HEALTH_ASSOCIATE_DEGREE_N2','Psicologo clinico A'),
							 (89,NOW(),1,'ACTIVE',NULL,NULL,'43d4f1de233f48b5957ec1606b7a3acd','HEALTH_ASSOCIATE_DEGREE_N2','Técnico de Radiologia A');

-- DISTRICTS
DROP TABLE IF EXISTS `DISTRICTS`;

CREATE TABLE `DISTRICTS` (
  `ID` bigint(20) NOT NULL AUTO_INCREMENT,
  `CREATED_AT` datetime NOT NULL,
  `CREATED_BY` bigint(20) NOT NULL,
  `LIFE_CYCLE_STATUS` varchar(100) NOT NULL,
  `UPDATED_AT` datetime DEFAULT NULL,
  `UPDATED_BY` bigint(20) DEFAULT NULL,
  `UUID` varchar(50) NOT NULL,
  `DISTRICT` varchar(50) NOT NULL,
  `PROVINCE` varchar(30) NOT NULL,
  PRIMARY KEY (`ID`)
) ENGINE=InnoDB AUTO_INCREMENT=15 DEFAULT CHARSET=latin1;

INSERT INTO `DISTRICTS` VALUES (1,'2017-04-17 09:30:27',1,'ACTIVE',NULL,NULL,'7d22d2df642c4ff0bf32add3d24e3f98','Alto Molocué','ZAMBEZIA'),
							   (2,'2017-04-17 09:30:27',1,'ACTIVE',NULL,NULL,'3d66f9b4ba574de1833a1c3716b8e007','Chinde','ZAMBEZIA'),
							   (3,'2017-04-17 09:30:27',1,'ACTIVE',NULL,NULL,'dfb141d994b34cddbc202fd8be601109','Derre','ZAMBEZIA'),
							   (4,'2017-04-17 09:30:27',1,'ACTIVE',NULL,NULL,'0da874be32b945d38ff74d0e8100c552','Gilé','ZAMBEZIA'),
							   (5,'2017-04-17 09:30:27',1,'ACTIVE',NULL,NULL,'92ebd29cc0d64aceac519b867ef7a3ba','Ile','ZAMBEZIA'),
							   (6,'2017-04-17 09:30:27',1,'ACTIVE',NULL,NULL,'45c4d632ce1548b6bf0b8d4e708ff0fb','Inhassunge','ZAMBEZIA'),
							   (7,'2017-04-17 09:30:27',1,'ACTIVE',NULL,NULL,'198e16a2fd16476da0306df63297a5ef','Luabo','ZAMBEZIA'),
							   (8,'2017-04-17 09:30:27',1,'ACTIVE',NULL,NULL,'bf793e6a2b79489bb5486ea21e625c28','Maganja da Costa','ZAMBEZIA'),
							   (9,'2017-04-17 09:30:27',1,'ACTIVE',NULL,NULL,'a1938be8ca004f6facac6327dd74f5be','Mocubela','ZAMBEZIA'),
							   (10,'2017-04-17 09:30:27',1,'ACTIVE',NULL,NULL,'123fd3fdaa4b469c99f7917321a29563','Mopeia','ZAMBEZIA'),
							   (11,'2017-04-17 09:30:27',1,'ACTIVE',NULL,NULL,'e8d52cc7f1124748850661913a638aad','Morrumbala','ZAMBEZIA'),
							   (12,'2017-04-17 09:30:27',1,'ACTIVE',NULL,NULL,'9bb14b84e51d4090ae9b883c9cb2d04b','Mulevala','ZAMBEZIA'),
							   (13,'2017-04-17 09:30:27',1,'ACTIVE',NULL,NULL,'028aacb352e948f0bb9cf11cbae87b48','Namacurra','ZAMBEZIA'),
							   (14,'2017-04-17 09:30:27',1,'ACTIVE',NULL,NULL,'e2f2d2048108489eacbbadb7e4a184a3','Pebane','ZAMBEZIA');

-- HEALTH FACILITY
DROP TABLE IF EXISTS `HEALTH_FACILITIES`;

CREATE TABLE `HEALTH_FACILITIES` (
  `ID` bigint(20) NOT NULL AUTO_INCREMENT,
  `CREATED_AT` datetime NOT NULL,
  `CREATED_BY` bigint(20) NOT NULL,
  `LIFE_CYCLE_STATUS` varchar(100) NOT NULL,
  `UPDATED_AT` datetime DEFAULT NULL,
  `UPDATED_BY` bigint(20) DEFAULT NULL,
  `UUID` varchar(50) NOT NULL,
  `HEALTH_FACILITY` varchar(80) NOT NULL,
  `DISTRICT_ID` bigint(20) NOT NULL,
  PRIMARY KEY (`ID`),
  KEY `FK_kw7nq3kpv3uvclaxlw24wqfg2` (`DISTRICT_ID`),
  CONSTRAINT `FK_kw7nq3kpv3uvclaxlw24wqfg2` FOREIGN KEY (`DISTRICT_ID`) REFERENCES `DISTRICTS` (`ID`)
)ENGINE=InnoDB AUTO_INCREMENT=115 DEFAULT CHARSET=latin1;

INSERT INTO `HEALTH_FACILITIES` VALUES (1,NOW(),1,'ACTIVE',NULL,NULL,'f694ef50e8cc43b2b5cd4755bdd34337','CS B.Gruveta',1),
									   (2,NOW(),1,'ACTIVE',NULL,NULL,'1ecb1f7f23c446399bb71f109efb660e','CS Caiaia',1),
									   (3,NOW(),1,'ACTIVE',NULL,NULL,'3b0aeff1c9204e06bc671a1a0188f46b','CS Chapala',1),
									   (4,NOW(),1,'ACTIVE',NULL,NULL,'4976cf155a0e4c1eb96445ca9a340dc1','CS Cololo',1),
									   (5,NOW(),1,'ACTIVE',NULL,NULL,'45ea02a46fa84b9995b47685ddf15c76','CS Ecole',1),
									   (6,NOW(),1,'ACTIVE',NULL,NULL,'21b2115a1d6f4ddf8834a177d30f0368','CS Malua',1),
									   (7,NOW(),1,'ACTIVE',NULL,NULL,'1ae3adfcb1f04216bd8ccb6bc86f9311','CS Moiua',1),
									   (8,NOW(),1,'ACTIVE',NULL,NULL,'f83ebda413854b018b5a5722dc55b47f','CS Mugema',1),
									   (9,NOW(),1,'ACTIVE',NULL,NULL,'f7fa08c0db7c4e0187f3406bafec595b','CS Mutala',1),
									   (10,NOW(),1,'ACTIVE',NULL,NULL,'7c92e2e991864b9583c73a861d10b8a3','CS Nacuacua',1),
									   (11,NOW(),1,'ACTIVE',NULL,NULL,'a20cb3726f5a4e90ae1c6eccd9c0e76f','CS Nauela',1),
									   (12,NOW(),1,'ACTIVE',NULL,NULL,'7ff5eaa0f15d426b87452e968027314b','CS Nimala',1),
									   (13,NOW(),1,'ACTIVE',NULL,NULL,'6244f92499f34c63a5c1c36663ca116b','CS Nivava',1),
									   (14,NOW(),1,'ACTIVE',NULL,NULL,'c2648a2cd4fa40d3a618c52a4048794c','CS Novanana',1),
									   (15,NOW(),1,'ACTIVE',NULL,NULL,'b5aa820241f2498386dea68045e9bd74','HR Alto Molocué',1),
									   (16,NOW(),1,'ACTIVE',NULL,NULL,'4b51e7ac2a124d7db981d8aa3cdcdb2c','CS Chinde',2),
									   (17,NOW(),1,'ACTIVE',NULL,NULL,'92c0774ee3ff4f92b6c5a535a3457fa6','CS Jorge',2),
									   (18,NOW(),1,'ACTIVE',NULL,NULL,'e8f5c149e2c943a08ae3c798e4481012','CS Madal',2),
									   (19,NOW(),1,'ACTIVE',NULL,NULL,'7dacacf2668c45e8aa8b8e4686bad67e','CS Matilde',2),
									   (20,NOW(),1,'ACTIVE',NULL,NULL,'c7ffd3c466224e8a97c5191418768543','CS Micaune',2),
									   (21,NOW(),1,'ACTIVE',NULL,NULL,'c5c02dd6bfd241458d13413765e20fcc','CS Derre',3),
									   (22,NOW(),1,'ACTIVE',NULL,NULL,'e7d14e2ef15f4916a808865572b5e093','CS Guerissa',3),
									   (23,NOW(),1,'ACTIVE',NULL,NULL,'c3bfd9bdc0dc47b397bd018ed0ae1303','CS Machindo',3),
									   (24,NOW(),1,'ACTIVE',NULL,NULL,'cd1f6375db7e4906861b308663e73134','CS Alto Ligonha',4),
									   (25,NOW(),1,'ACTIVE',NULL,NULL,'424631c1aaa64000bf6b8836650268b8','CS Kaiane',4),
									   (26,NOW(),1,'ACTIVE',NULL,NULL,'a66e280e87c14ef0b66ed47065e5f4cf','CS Mamala',4),
									   (27,NOW(),1,'ACTIVE',NULL,NULL,'406a6262ddec4d7090061bba200d5f7d','CS Moneia',4),
									   (28,NOW(),1,'ACTIVE',NULL,NULL,'cc0c8ff132e34cc69578c45a45dccf21','CS Muiane',4),
									   (29,NOW(),1,'ACTIVE',NULL,NULL,'af9bd2a0f574479f9b9bc9f04278dc91','CS Namuaca',4),
									   (30,NOW(),1,'ACTIVE',NULL,NULL,'3d949dfd8c4f4565a4d71b5769696669','CS Pury',4),
									   (31,NOW(),1,'ACTIVE',NULL,NULL,'8be732a1aa304c25a412a9976a4bb927','CS Uape',4),
									   (32,NOW(),1,'ACTIVE',NULL,NULL,'544813b3339f49d49bbfdb7cf9e672bc','HD Gilé',4),
									   (33,NOW(),1,'ACTIVE',NULL,NULL,'5c0234d656a54e3285f20304a64b3d88','CS Ile',5),
									   (34,NOW(),1,'ACTIVE',NULL,NULL,'2754ae5fd52f4d5aa820d4332a1dac27','CS Mugulama',5),
									   (35,NOW(),1,'ACTIVE',NULL,NULL,'b86057c2b16d41fc94a6494ec157af3e','CS Mulequela',5),
									   (36,NOW(),1,'ACTIVE',NULL,NULL,'1c925762847e45aa8fd6b30cd6623b3e','CS Niboia',5),
									   (37,NOW(),1,'ACTIVE',NULL,NULL,'7b4461a2356f45dab3a6f4fd352c858e','CS Socone',5),
									   (38,NOW(),1,'ACTIVE',NULL,NULL,'3c2653085954429b9475e48274405af4','CS Bingagira',6),
									   (39,NOW(),1,'ACTIVE',NULL,NULL,'916119fe95ce42318aa9ef79c6e2219b','CS Cherimane',6),
									   (40,NOW(),1,'ACTIVE',NULL,NULL,'5010700bce8c40119f257c5837c7c102','CS Gonhane',6),
									   (41,NOW(),1,'ACTIVE',NULL,NULL,'5ff84cfa8b2a4ed08351bf53f27f15c7','CS Ilova',6),
									   (42,NOW(),1,'ACTIVE',NULL,NULL,'6cdacaab60474bd7bcfd217815fd8397','CS Inhassunge',6),
									   (43,NOW(),1,'ACTIVE',NULL,NULL,'8e1ad25186fd49a0a96b4f671e036d63','CS Olinda',6),
									   (44,NOW(),1,'ACTIVE',NULL,NULL,'d0ed3ac5bdc748ef9569be34c352ccff','CS Palane-Mucula',6),
									   (45,NOW(),1,'ACTIVE',NULL,NULL,'1f032b1752494162bbe55b072cc38e94','CS Ilha Salía',7),
									   (46,NOW(),1,'ACTIVE',NULL,NULL,'a3bf39f1d0e046f285b4fe73c4328e5a','CS Luabo',7),
									   (47,NOW(),1,'ACTIVE',NULL,NULL,'f0a2570d95d345ef87ac03113595a0c7','CS Marcação',7),
									   (48,NOW(),1,'ACTIVE',NULL,NULL,'d022327598a2469c92cb714f894f795e','CS Socovinho',7),
									   (49,NOW(),1,'ACTIVE',NULL,NULL,'12c119ee352a410781f258ab60570bcb','CS Alto Mutola',8),
									   (50,NOW(),1,'ACTIVE',NULL,NULL,'014b5cf825e54b86b14cee51b9dfe842','CS Cabuir',8),
									   (51,NOW(),1,'ACTIVE',NULL,NULL,'bd4954e289d04719a9bbd77d00497884','CS Cariua',8),
									   (52,NOW(),1,'ACTIVE',NULL,NULL,'f03e5eefeacb4a1d8a0898251ae11076','CS Mabala',8),
									   (53,NOW(),1,'ACTIVE',NULL,NULL,'93f82717229e40e792b9d1509564e0fa','CS Maganja da Costa',8),
									   (54,NOW(),1,'ACTIVE',NULL,NULL,'7609126ede79412bba3c544b821455b9','CS Mapira',8),
									   (55,NOW(),1,'ACTIVE',NULL,NULL,'efae968e9863438987d1d721e9a867ed','CS Muzo',8),
									   (56,NOW(),1,'ACTIVE',NULL,NULL,'a096b0a9158d41fd8a9da2ab7fc88c4b','CS Nante',8),
									   (57,NOW(),1,'ACTIVE',NULL,NULL,'bbf34286ace1402db3f3c85a76af0991','CS Gurai',9),
									   (58,NOW(),1,'ACTIVE',NULL,NULL,'96b11a6bf04b43a0bc9d8410ef4ada81','CS Maneia',9),
									   (59,NOW(),1,'ACTIVE',NULL,NULL,'dd69bdb9fe6449d7b2d4ceb549ec7b43','CS Missal',9),
									   (60,NOW(),1,'ACTIVE',NULL,NULL,'484f2dc5ac76452d8ff8f7aab8e2cd11','CS Mocubela',9),
									   (61,NOW(),1,'ACTIVE',NULL,NULL,'fd86a73381c14fc6b11a17034caff14f','CS Naico',9),
									   (62,NOW(),1,'ACTIVE',NULL,NULL,'51bb6f904e8b4b2e96f9cc7fca82ae07','CS Tapata',9),
									   (63,NOW(),1,'ACTIVE',NULL,NULL,'7a1b3d07d6404cd2b511613bc5d82fb8','CS Catale',10),
									   (64,NOW(),1,'ACTIVE',NULL,NULL,'27090e8288a74d3ea1b482f2079f5c78','CS Chimuara',10),
									   (65,NOW(),1,'ACTIVE',NULL,NULL,'9d7c9413d1d14f93a1097c8825e232d2','CS Gulamo',10),
									   (66,NOW(),1,'ACTIVE',NULL,NULL,'73c4469d60b14663b788f8c394172950','CS Lua-Lua',10),
									   (67,NOW(),1,'ACTIVE',NULL,NULL,'d82d4abd4cb246e188ef7509d0b6b6fd','CS Mopeia',10),
									   (68,NOW(),1,'ACTIVE',NULL,NULL,'7ab4091a692041c49c91642db5caf479','CS Noere',10),
									   (69,NOW(),1,'ACTIVE',NULL,NULL,'96b32a2b8ae74e318bdc3d699adeb37b','CS Nzanza',10),
									   (70,NOW(),1,'ACTIVE',NULL,NULL,'fae79095bf6042c29c5968e393e8c323','CS Posto Campo',10),
									   (71,NOW(),1,'ACTIVE',NULL,NULL,'4f9218d2c23b4172867c3222b4e68899','CS Balicholo',11),
									   (72,NOW(),1,'ACTIVE',NULL,NULL,'bd184bfe4c6e418fbd09c19725eab476','CS Boroma',11),
									   (73,NOW(),1,'ACTIVE',NULL,NULL,'e4ce7683e5ad4da89d99d6fd157d79b2','CS Chilomo',11),
									   (74,NOW(),1,'ACTIVE',NULL,NULL,'e37b32e6108344549b8aeffbca47df39','CS Chire',11),
									   (75,NOW(),1,'ACTIVE',NULL,NULL,'9b4d8fc4e3c24dc2a755c2dd6528173e','CS Cumbapo',11),
									   (76,NOW(),1,'ACTIVE',NULL,NULL,'7d857efbc112497f806f10b7f43729cd','CS Djasse',11),
									   (77,NOW(),1,'ACTIVE',NULL,NULL,'9838afcfb757428fa07ba6e9d4d55128','CS Fabrica',11),
									   (78,NOW(),1,'ACTIVE',NULL,NULL,'92c38225fb4447a9927e0b21e6a4d003','CS Gaute',11),
									   (79,NOW(),1,'ACTIVE',NULL,NULL,'d6d0385c0dea40ddbb08ecc007086c56','CS Goro',11),
									   (80,NOW(),1,'ACTIVE',NULL,NULL,'ece94bc53ed94410bf40932884bcce7c','CS Mecaula',11),
									   (81,NOW(),1,'ACTIVE',NULL,NULL,'f469da630554415b98b37a1dd2484428','CS Megaza',11),
									   (82,NOW(),1,'ACTIVE',NULL,NULL,'2394948144bc40ed9bb09407f83c64d0','CS Mepinha',11),
									   (83,NOW(),1,'ACTIVE',NULL,NULL,'a502ce7f113a4b309ad5abf907cadce5','CS Muandiua',11),
									   (84,NOW(),1,'ACTIVE',NULL,NULL,'86cef466bb4045128c0a4075ce615b45','CS Muera',11),
									   (85,NOW(),1,'ACTIVE',NULL,NULL,'c1e53eeb70f44a419628914ab97f94aa','CS Mureremba',11),
									   (86,NOW(),1,'ACTIVE',NULL,NULL,'cae7f1b8e14049abb57aaadfc67dc1cf','CS Pinda',11),
									   (87,NOW(),1,'ACTIVE',NULL,NULL,'2264c819419a41feb0f46916a80233d4','CS Reis',11),
									   (88,NOW(),1,'ACTIVE',NULL,NULL,'d6b4d02307aa4e578e500d8cdb5c5e5f','CS Sabe',11),
									   (89,NOW(),1,'ACTIVE',NULL,NULL,'db71c840f8a441db8986de0944ba7fa6','HR Morrumbala',11),
									   (90,NOW(),1,'ACTIVE',NULL,NULL,'dbe7a2d07f024064b3cde71564e47f50','CS Chiraco',12),
									   (91,NOW(),1,'ACTIVE',NULL,NULL,'02dea79105b6407fbb47421d8c007a79','CS Mulevala',12),
									   (92,NOW(),1,'ACTIVE',NULL,NULL,'53fcfdcb270c4b42b85d40f5438a9cb1','CS Tebo',12),
									   (93,NOW(),1,'ACTIVE',NULL,NULL,'623a99225fe7419b97fb123a9e6cc584','CS Furquia',13),
									   (94,NOW(),1,'ACTIVE',NULL,NULL,'9f4d785e1edd4f32b7a6c0c8b3ebf630','CS Macuse',13),
									   (95,NOW(),1,'ACTIVE',NULL,NULL,'8069c5a558ab4d728268b94ea3ba1147','CS Malei',13),
									   (96,NOW(),1,'ACTIVE',NULL,NULL,'69d0f2a48f824e6f905de29630bed2da','CS Mbaua',13),
									   (97,NOW(),1,'ACTIVE',NULL,NULL,'be809169b26d4b579b732d02fa9c98b2','CS Mixixine',13),
									   (98,NOW(),1,'ACTIVE',NULL,NULL,'cd9edb800a164f47a648346e429fc063','CS Muceliua',13),
									   (99,NOW(),1,'ACTIVE',NULL,NULL,'4a167572eb144c2ebf40a2c3210f86e2','CS Muebele',13),
									   (100,NOW(),1,'ACTIVE',NULL,NULL,'ccaeea4a93974c088f3ae86eb3f399e3','CS Mugubia',13),
									   (101,NOW(),1,'ACTIVE',NULL,NULL,'7d7e91a693bd4b999ab1328b4f1fc131','CS Namacurra',13),
									   (102,NOW(),1,'ACTIVE',NULL,NULL,'350f83ddad5e4c0e8e0a1a69a4e784c5','CS 7 Abril',14),
									   (103,NOW(),1,'ACTIVE',NULL,NULL,'1e37a984912b470785c44676ba06ebc4','CS Alto Maganha',14),
									   (104,NOW(),1,'ACTIVE',NULL,NULL,'2717eb358795408b9d9eb04f39b7ee7d','CS Impaca',14),
									   (105,NOW(),1,'ACTIVE',NULL,NULL,'f9ecc13890cb430bac4841b2d66949d4','CS Magiga',14),
									   (106,NOW(),1,'ACTIVE',NULL,NULL,'dbee62c54c9441948f141887a5aaa7af','CS Malema',14),
									   (107,NOW(),1,'ACTIVE',NULL,NULL,'98aa50d286f74da2b5c23b030facc517','CS Mihecue',14),
									   (108,NOW(),1,'ACTIVE',NULL,NULL,'4bf0e04a979448b790425083d4ef58fd','CS Mulela',14),
									   (109,NOW(),1,'ACTIVE',NULL,NULL,'285b72bc1e2a4da9bd3a4fb9192601c2','CS Muligode',14),
									   (110,NOW(),1,'ACTIVE',NULL,NULL,'ab569ede781d420aa0649beb6b4d813d','CS Naburi',14),
									   (111,NOW(),1,'ACTIVE',NULL,NULL,'7e60d2350ca04ab6b56fb7de3fd43181','CS Pebane',14),
									   (112,NOW(),1,'ACTIVE',NULL,NULL,'403a55eb8357406f8b40dcd6b39b2915','CS Pele-Pele',14),
									   (113,NOW(),1,'ACTIVE',NULL,NULL,'45a518d905514db1ab7f0492d56a25af','CS Tomea',14),
									   (114,NOW(),1,'ACTIVE',NULL,NULL,'6c99b5a8c6454e16b3db23f21b058d33','CS Txalalane',14);
