-- MySQL dump 10.13  Distrib 5.6.33, for debian-linux-gnu (x86_64)
--
-- Host: localhost    Database: mentoring
-- ------------------------------------------------------
-- Server version	5.6.33-0ubuntu0.14.04.1

/*!40101 SET @OLD_CHARACTER_SET_CLIENT=@@CHARACTER_SET_CLIENT */;
/*!40101 SET @OLD_CHARACTER_SET_RESULTS=@@CHARACTER_SET_RESULTS */;
/*!40101 SET @OLD_COLLATION_CONNECTION=@@COLLATION_CONNECTION */;
/*!40101 SET NAMES utf8 */;
/*!40103 SET @OLD_TIME_ZONE=@@TIME_ZONE */;
/*!40103 SET TIME_ZONE='+00:00' */;
/*!40014 SET @OLD_UNIQUE_CHECKS=@@UNIQUE_CHECKS, UNIQUE_CHECKS=0 */;
/*!40014 SET @OLD_FOREIGN_KEY_CHECKS=@@FOREIGN_KEY_CHECKS, FOREIGN_KEY_CHECKS=0 */;
/*!40101 SET @OLD_SQL_MODE=@@SQL_MODE, SQL_MODE='NO_AUTO_VALUE_ON_ZERO' */;
/*!40111 SET @OLD_SQL_NOTES=@@SQL_NOTES, SQL_NOTES=0 */;

--
-- Table structure for table `ANSWERS`
--

DROP TABLE IF EXISTS `ANSWERS`;
/*!40101 SET @saved_cs_client     = @@character_set_client */;
/*!40101 SET character_set_client = utf8 */;
CREATE TABLE `ANSWERS` (
  `TYPE` varchar(15) NOT NULL,
  `ID` bigint(20) NOT NULL AUTO_INCREMENT,
  `CREATED_AT` datetime NOT NULL,
  `CREATED_BY` bigint(20) NOT NULL,
  `LIFE_CYCLE_STATUS` varchar(100) NOT NULL,
  `UPDATED_AT` datetime DEFAULT NULL,
  `UPDATED_BY` bigint(20) DEFAULT NULL,
  `BOOLEAN_VALUE` bit(1) DEFAULT NULL,
  `TEXT_VALUE` varchar(180) DEFAULT NULL,
  `FORM_ID` bigint(20) NOT NULL,
  `MENTORSHIP_ID` bigint(20) NOT NULL,
  `QUESTION_ID` bigint(20) NOT NULL,
  PRIMARY KEY (`ID`),
  KEY `FK_8n7n313s9gw943qs6rhr7tb9c` (`FORM_ID`),
  KEY `FK_roww60bo2ki27wdeus9fc4kt` (`MENTORSHIP_ID`),
  KEY `FK_d9vax6lqppjc9upau668njk19` (`QUESTION_ID`),
  CONSTRAINT `FK_8n7n313s9gw943qs6rhr7tb9c` FOREIGN KEY (`FORM_ID`) REFERENCES `FORMS` (`ID`),
  CONSTRAINT `FK_d9vax6lqppjc9upau668njk19` FOREIGN KEY (`QUESTION_ID`) REFERENCES `QUESTIONS` (`ID`),
  CONSTRAINT `FK_roww60bo2ki27wdeus9fc4kt` FOREIGN KEY (`MENTORSHIP_ID`) REFERENCES `MENTORSHIPS` (`ID`)
) ENGINE=InnoDB AUTO_INCREMENT=7 DEFAULT CHARSET=latin1;
/*!40101 SET character_set_client = @saved_cs_client */;

--
-- Dumping data for table `ANSWERS`
--

LOCK TABLES `ANSWERS` WRITE;
/*!40000 ALTER TABLE `ANSWERS` DISABLE KEYS */;
INSERT INTO `ANSWERS` VALUES ('TEXT',1,'2016-09-27 11:16:26',1,'ACTIVE',NULL,NULL,NULL,'ZAMBEZIA',1,1,1),('TEXT',2,'2016-09-27 11:16:26',1,'ACTIVE',NULL,NULL,NULL,'ZAMBEZIA',1,1,2),('TEXT',3,'2016-09-28 10:50:28',1,'ACTIVE',NULL,NULL,NULL,'ZAMBEZIA',6,2,1),('TEXT',4,'2016-09-28 10:50:28',1,'ACTIVE',NULL,NULL,NULL,'ZAMBEZIA',6,2,2),('TEXT',5,'2016-10-26 18:02:21',1,'ACTIVE',NULL,NULL,NULL,'ZAMBEZIA',1,3,1),('TEXT',6,'2016-10-26 18:02:21',1,'ACTIVE',NULL,NULL,NULL,'ZAMBEZIA',1,3,2);
/*!40000 ALTER TABLE `ANSWERS` ENABLE KEYS */;
UNLOCK TABLES;

--
-- Table structure for table `CARRERS`
--

DROP TABLE IF EXISTS `CARRERS`;
/*!40101 SET @saved_cs_client     = @@character_set_client */;
/*!40101 SET character_set_client = utf8 */;
CREATE TABLE `CARRERS` (
  `ID` bigint(20) NOT NULL AUTO_INCREMENT,
  `CREATED_AT` datetime NOT NULL,
  `CREATED_BY` bigint(20) NOT NULL,
  `LIFE_CYCLE_STATUS` varchar(100) NOT NULL,
  `UPDATED_AT` datetime DEFAULT NULL,
  `UPDATED_BY` bigint(20) DEFAULT NULL,
  `CARRER_TYPE` varchar(50) NOT NULL,
  `POSITION` varchar(80) NOT NULL,
  PRIMARY KEY (`ID`)
) ENGINE=InnoDB AUTO_INCREMENT=90 DEFAULT CHARSET=latin1;
/*!40101 SET character_set_client = @saved_cs_client */;

--
-- Dumping data for table `CARRERS`
--

LOCK TABLES `CARRERS` WRITE;
/*!40000 ALTER TABLE `CARRERS` DISABLE KEYS */;
INSERT INTO `CARRERS` VALUES (1,'2016-09-27 10:51:22',1,'ACTIVE',NULL,NULL,'HEALTH_TECHNICAL_ASSISTANT','Agente de administração hospitalar'),(2,'2016-09-27 10:51:22',1,'ACTIVE',NULL,NULL,'HEALTH_TECHNICAL_ASSISTANT','Enfermeiro'),(3,'2016-09-27 10:51:22',1,'ACTIVE',NULL,NULL,'HEALTH_TECHNICAL_ASSISTANT','Enfermeiro de saúde materno-infantil'),(4,'2016-09-27 10:51:22',1,'ACTIVE',NULL,NULL,'HEALTH_TECHNICAL_ASSISTANT','Agente de farmácia'),(5,'2016-09-27 10:51:22',1,'ACTIVE',NULL,NULL,'HEALTH_TECHNICAL_ASSISTANT','Agente de laboratório'),(6,'2016-09-27 10:51:22',1,'ACTIVE',NULL,NULL,'HEALTH_TECHNICAL_ASSISTANT','Agente de medicina'),(7,'2016-09-27 10:51:22',1,'ACTIVE',NULL,NULL,'HEALTH_TECHNICAL_ASSISTANT','Agente de medicina física e reabilitação'),(8,'2016-09-27 10:51:22',1,'ACTIVE',NULL,NULL,'HEALTH_TECHNICAL_ASSISTANT','Agente de medicina preventiva'),(9,'2016-09-27 10:51:22',1,'ACTIVE',NULL,NULL,'HEALTH_TECHNICAL_ASSISTANT','Agente de nutrição'),(10,'2016-09-27 10:51:22',1,'ACTIVE',NULL,NULL,'HEALTH_TECHNICAL_ASSISTANT','Agente de Estomatologia'),(11,'2016-09-27 10:51:22',1,'ACTIVE',NULL,NULL,'HEALTH_TECHNICAL_ASSISTANT','Agente De Ortoprotesia'),(12,'2016-09-27 10:51:22',1,'ACTIVE',NULL,NULL,'HEALTH_TECHNICAL_ASSISTANT','Agente de electromedicina'),(13,'2016-09-27 10:51:22',1,'ACTIVE',NULL,NULL,'HEALTH_TECHNICAL_ASSISTANT','Agente de Radiologia'),(14,'2016-09-27 10:51:22',1,'ACTIVE',NULL,NULL,'ADMINISTRATIVE_ASSISTANT','Auxiliar técnico de laboratório'),(15,'2016-09-27 10:51:22',1,'ACTIVE',NULL,NULL,'HEALTH_TECHNICIAN_AUXILIARY','Enfermeiro elementar '),(16,'2016-09-27 10:51:22',1,'ACTIVE',NULL,NULL,'HEALTH_TECHNICIAN_AUXILIARY','Parteira elementar'),(17,'2016-09-27 10:51:22',1,'ACTIVE',NULL,NULL,'HEALTH_TECHNICIAN_AUXILIARY','Auxiliar de farmácia '),(18,'2016-09-27 10:51:22',1,'ACTIVE',NULL,NULL,'HEALTH_TECHNICIAN_AUXILIARY','Microscopista'),(19,'2016-09-27 10:51:22',1,'ACTIVE',NULL,NULL,'HEALTH_TECHNICIAN_AUXILIARY','Auxiliar de reabilitação'),(20,'2016-09-27 10:51:22',1,'ACTIVE',NULL,NULL,'HEALTH_TECHNICIAN_AUXILIARY','Auxiliar técnico de odontoestomatologia'),(21,'2016-09-27 10:51:22',1,'ACTIVE',NULL,NULL,'HEALTH_TECHNICIAN_AUXILIARY','Auxiliar Oculista'),(22,'2016-09-27 10:51:22',1,'ACTIVE',NULL,NULL,'HEALTH_TECHNICIAN_AUXILIARY','Auxiliar técnico de electromedicina'),(23,'2016-09-27 10:51:22',1,'ACTIVE',NULL,NULL,'HEALTH_SPECIALIST','Especialista de Saúde'),(24,'2016-09-27 10:51:22',1,'ACTIVE',NULL,NULL,'MEDICAL_PUBLIC_HEALTH','Médico de Saúde Pública Assistente'),(25,'2016-09-27 10:51:22',1,'ACTIVE',NULL,NULL,'MEDICAL_GENERALIST','Médica Generalista Principal'),(26,'2016-09-27 10:51:22',1,'ACTIVE',NULL,NULL,'MEDICAL_HOSPITAL','Médica Hospitalar Assistente'),(27,'2016-09-27 10:51:22',1,'ACTIVE',NULL,NULL,'HEALTH_TECHNICIAN','Técnico de administração hospitalar '),(28,'2016-09-27 10:51:22',1,'ACTIVE',NULL,NULL,'HEALTH_TECHNICIAN','Técnico de anestesiologia'),(29,'2016-09-27 10:51:22',1,'ACTIVE',NULL,NULL,'HEALTH_TECHNICIAN','Enfermeiro'),(30,'2016-09-27 10:51:22',1,'ACTIVE',NULL,NULL,'HEALTH_TECHNICIAN','Enfermeiro de saúde materno infantil'),(31,'2016-09-27 10:51:22',1,'ACTIVE',NULL,NULL,'HEALTH_TECHNICIAN','Técnico de estatística sanitária'),(32,'2016-09-27 10:51:22',1,'ACTIVE',NULL,NULL,'HEALTH_TECHNICIAN','Técnico de farmácia'),(33,'2016-09-27 10:51:22',1,'ACTIVE',NULL,NULL,'HEALTH_TECHNICIAN','Técnico de instrumentação'),(34,'2016-09-27 10:51:22',1,'ACTIVE',NULL,NULL,'HEALTH_TECHNICIAN','Técnico de laboratório'),(35,'2016-09-27 10:51:22',1,'ACTIVE',NULL,NULL,'HEALTH_TECHNICIAN','Técnico de medicina'),(36,'2016-09-27 10:51:22',1,'ACTIVE',NULL,NULL,'HEALTH_TECHNICIAN','Técnico de medicina física e reabilitação'),(37,'2016-09-27 10:51:22',1,'ACTIVE',NULL,NULL,'HEALTH_TECHNICIAN','Técnico de medicina preventiva '),(38,'2016-09-27 10:51:22',1,'ACTIVE',NULL,NULL,'HEALTH_TECHNICIAN','Técnico de nutrição'),(39,'2016-09-27 10:51:22',1,'ACTIVE',NULL,NULL,'HEALTH_TECHNICIAN','Técnico de odontoestomatologia'),(40,'2016-09-27 10:51:22',1,'ACTIVE',NULL,NULL,'HEALTH_TECHNICIAN','Técnico de oftalmologia'),(41,'2016-09-27 10:51:22',1,'ACTIVE',NULL,NULL,'HEALTH_TECHNICIAN','Técnico de prótese'),(42,'2016-09-27 10:51:22',1,'ACTIVE',NULL,NULL,'HEALTH_TECHNICIAN','Técnico de otorrinolaringologia'),(43,'2016-09-27 10:51:22',1,'ACTIVE',NULL,NULL,'HEALTH_TECHNICIAN','Técnico de electromedicina'),(44,'2016-09-27 10:51:22',1,'ACTIVE',NULL,NULL,'HEALTH_TECHNICIAN','Técnico de psiquiatria e saúde mental'),(45,'2016-09-27 10:51:22',1,'ACTIVE',NULL,NULL,'HEALTH_TECHNICIAN','Técnico de radiologia'),(46,'2016-09-27 10:51:22',1,'ACTIVE',NULL,NULL,'HEALTH_TECHNICIAL_SPECIALIST','Técnico de administração hospitalar'),(47,'2016-09-27 10:51:22',1,'ACTIVE',NULL,NULL,'HEALTH_TECHNICIAL_SPECIALIST','Técnico de anestesiologia'),(48,'2016-09-27 10:51:22',1,'ACTIVE',NULL,NULL,'HEALTH_TECHNICIAL_SPECIALIST','Técnico de cirurgia'),(49,'2016-09-27 10:51:22',1,'ACTIVE',NULL,NULL,'HEALTH_TECHNICIAL_SPECIALIST','Enfermeiro geral'),(50,'2016-09-27 10:51:22',1,'ACTIVE',NULL,NULL,'HEALTH_TECHNICIAL_SPECIALIST','Enfermeiro de saúde materno infantil'),(51,'2016-09-27 10:51:22',1,'ACTIVE',NULL,NULL,'HEALTH_TECHNICIAL_SPECIALIST','Técnico de farmácia'),(52,'2016-09-27 10:51:22',1,'ACTIVE',NULL,NULL,'HEALTH_TECHNICIAL_SPECIALIST','Técnico de instrumentação'),(53,'2016-09-27 10:51:22',1,'ACTIVE',NULL,NULL,'HEALTH_TECHNICIAL_SPECIALIST','Técnico de laboratório'),(54,'2016-09-27 10:51:22',1,'ACTIVE',NULL,NULL,'HEALTH_TECHNICIAL_SPECIALIST','Técnico de medicina'),(55,'2016-09-27 10:51:22',1,'ACTIVE',NULL,NULL,'HEALTH_TECHNICIAL_SPECIALIST','Técnico de medicina física e reabilitação'),(56,'2016-09-27 10:51:22',1,'ACTIVE',NULL,NULL,'HEALTH_TECHNICIAL_SPECIALIST','Técnico de medicina preventiva'),(57,'2016-09-27 10:51:22',1,'ACTIVE',NULL,NULL,'HEALTH_TECHNICIAL_SPECIALIST','Técnico de odontoestomatologia'),(58,'2016-09-27 10:51:22',1,'ACTIVE',NULL,NULL,'HEALTH_TECHNICIAL_SPECIALIST','Técnico de oftalmologia'),(59,'2016-09-27 10:51:22',1,'ACTIVE',NULL,NULL,'HEALTH_TECHNICIAL_SPECIALIST','Técnico de psiquiatria e saúde mental'),(60,'2016-09-27 10:51:22',1,'ACTIVE',NULL,NULL,'HEALTH_TECHNICIAL_SPECIALIST','Técnico de radiologia'),(61,'2016-09-27 10:51:22',1,'ACTIVE',NULL,NULL,'HEALTH_ASSOCIATE_DEGREE_N1','Técnico de administração hospitalar A'),(62,'2016-09-27 10:51:22',1,'ACTIVE',NULL,NULL,'HEALTH_ASSOCIATE_DEGREE_N1','Anestesita A'),(63,'2016-09-27 10:51:22',1,'ACTIVE',NULL,NULL,'HEALTH_ASSOCIATE_DEGREE_N1','Técnico de cirurgia A'),(64,'2016-09-27 10:51:22',1,'ACTIVE',NULL,NULL,'HEALTH_ASSOCIATE_DEGREE_N1','Enfermeiro A'),(65,'2016-09-27 10:51:22',1,'ACTIVE',NULL,NULL,'HEALTH_ASSOCIATE_DEGREE_N1','Enfermeiro de SMI A'),(66,'2016-09-27 10:51:22',1,'ACTIVE',NULL,NULL,'HEALTH_ASSOCIATE_DEGREE_N1','Farmacéutico A'),(67,'2016-09-27 10:51:22',1,'ACTIVE',NULL,NULL,'HEALTH_ASSOCIATE_DEGREE_N1','Técnico de laboratório A '),(68,'2016-09-27 10:51:22',1,'ACTIVE',NULL,NULL,'HEALTH_ASSOCIATE_DEGREE_N1','Fisioterapeuta A '),(69,'2016-09-27 10:51:22',1,'ACTIVE',NULL,NULL,'HEALTH_ASSOCIATE_DEGREE_N1','Técnico de saude publica A'),(70,'2016-09-27 10:51:22',1,'ACTIVE',NULL,NULL,'HEALTH_ASSOCIATE_DEGREE_N1','Nutricionista A'),(71,'2016-09-27 10:51:22',1,'ACTIVE',NULL,NULL,'HEALTH_ASSOCIATE_DEGREE_N1','Odontoestomatologista A'),(72,'2016-09-27 10:51:22',1,'ACTIVE',NULL,NULL,'HEALTH_ASSOCIATE_DEGREE_N1','Técnico de prótese A'),(73,'2016-09-27 10:51:22',1,'ACTIVE',NULL,NULL,'HEALTH_ASSOCIATE_DEGREE_N1','Psicologo clinico A'),(74,'2016-09-27 10:51:22',1,'ACTIVE',NULL,NULL,'HEALTH_ASSOCIATE_DEGREE_N1','Técnico de Radiologia A'),(75,'2016-09-27 10:51:22',1,'ACTIVE',NULL,NULL,'HEALTH_ASSOCIATE_DEGREE_N2','Anestesita B'),(76,'2016-09-27 10:51:22',1,'ACTIVE',NULL,NULL,'HEALTH_ASSOCIATE_DEGREE_N2','Técnico de cirurgia B'),(77,'2016-09-27 10:51:22',1,'ACTIVE',NULL,NULL,'HEALTH_ASSOCIATE_DEGREE_N2','Enfermeiro B'),(78,'2016-09-27 10:51:22',1,'ACTIVE',NULL,NULL,'HEALTH_ASSOCIATE_DEGREE_N2','Enfermeiro de SMI B'),(79,'2016-09-27 10:51:22',1,'ACTIVE',NULL,NULL,'HEALTH_ASSOCIATE_DEGREE_N2','Farmacéutico B'),(80,'2016-09-27 10:51:22',1,'ACTIVE',NULL,NULL,'HEALTH_ASSOCIATE_DEGREE_N2','Técnico de instrumentação B'),(81,'2016-09-27 10:51:22',1,'ACTIVE',NULL,NULL,'HEALTH_ASSOCIATE_DEGREE_N2','Tecnico De Laboratorio B'),(82,'2016-09-27 10:51:22',1,'ACTIVE',NULL,NULL,'HEALTH_ASSOCIATE_DEGREE_N2','Técnico de medicina B'),(83,'2016-09-27 10:51:22',1,'ACTIVE',NULL,NULL,'HEALTH_ASSOCIATE_DEGREE_N2','Fisioterapeuta B'),(84,'2016-09-27 10:51:22',1,'ACTIVE',NULL,NULL,'HEALTH_ASSOCIATE_DEGREE_N2','Técnico de medicina preventiva B '),(85,'2016-09-27 10:51:22',1,'ACTIVE',NULL,NULL,'HEALTH_ASSOCIATE_DEGREE_N2','Técnico de nutrição B'),(86,'2016-09-27 10:51:22',1,'ACTIVE',NULL,NULL,'HEALTH_ASSOCIATE_DEGREE_N2','Odontoestomatologista B'),(87,'2016-09-27 10:51:22',1,'ACTIVE',NULL,NULL,'HEALTH_ASSOCIATE_DEGREE_N2','Técnico de prótese B'),(88,'2016-09-27 10:51:22',1,'ACTIVE',NULL,NULL,'HEALTH_ASSOCIATE_DEGREE_N2','Psicologo clinico A'),(89,'2016-09-27 10:51:22',1,'ACTIVE',NULL,NULL,'HEALTH_ASSOCIATE_DEGREE_N2','Técnico de radiologia A');
/*!40000 ALTER TABLE `CARRERS` ENABLE KEYS */;
UNLOCK TABLES;

--
-- Table structure for table `DISTRICTS`
--

DROP TABLE IF EXISTS `DISTRICTS`;
/*!40101 SET @saved_cs_client     = @@character_set_client */;
/*!40101 SET character_set_client = utf8 */;
CREATE TABLE `DISTRICTS` (
  `ID` bigint(20) NOT NULL AUTO_INCREMENT,
  `CREATED_AT` datetime NOT NULL,
  `CREATED_BY` bigint(20) NOT NULL,
  `LIFE_CYCLE_STATUS` varchar(100) NOT NULL,
  `UPDATED_AT` datetime DEFAULT NULL,
  `UPDATED_BY` bigint(20) DEFAULT NULL,
  `DISTRICT` varchar(50) NOT NULL,
  `PROVINCE` varchar(30) NOT NULL,
  PRIMARY KEY (`ID`)
) ENGINE=InnoDB AUTO_INCREMENT=15 DEFAULT CHARSET=latin1;
/*!40101 SET character_set_client = @saved_cs_client */;

--
-- Dumping data for table `DISTRICTS`
--

LOCK TABLES `DISTRICTS` WRITE;
/*!40000 ALTER TABLE `DISTRICTS` DISABLE KEYS */;
INSERT INTO `DISTRICTS` VALUES (1,'2016-09-27 10:51:23',1,'ACTIVE',NULL,NULL,'Alto Molocué','ZAMBEZIA'),(2,'2016-09-27 10:51:23',1,'ACTIVE',NULL,NULL,'Chinde','ZAMBEZIA'),(3,'2016-09-27 10:51:23',1,'ACTIVE',NULL,NULL,'Derre','ZAMBEZIA'),(4,'2016-09-27 10:51:23',1,'ACTIVE',NULL,NULL,'Gilé','ZAMBEZIA'),(5,'2016-09-27 10:51:23',1,'ACTIVE',NULL,NULL,'Ile','ZAMBEZIA'),(6,'2016-09-27 10:51:23',1,'ACTIVE',NULL,NULL,'Inhassunge','ZAMBEZIA'),(7,'2016-09-27 10:51:23',1,'ACTIVE',NULL,NULL,'Luabo','ZAMBEZIA'),(8,'2016-09-27 10:51:23',1,'ACTIVE',NULL,NULL,'Maganja da Costa','ZAMBEZIA'),(9,'2016-09-27 10:51:23',1,'ACTIVE',NULL,NULL,'Mocubela','ZAMBEZIA'),(10,'2016-09-27 10:51:23',1,'ACTIVE',NULL,NULL,'Mopeia','ZAMBEZIA'),(11,'2016-09-27 10:51:23',1,'ACTIVE',NULL,NULL,'Morrumbala','ZAMBEZIA'),(12,'2016-09-27 10:51:23',1,'ACTIVE',NULL,NULL,'Mulevala','ZAMBEZIA'),(13,'2016-09-27 10:51:23',1,'ACTIVE',NULL,NULL,'Namacurra','ZAMBEZIA'),(14,'2016-09-27 10:51:23',1,'ACTIVE',NULL,NULL,'Pebane','ZAMBEZIA');
/*!40000 ALTER TABLE `DISTRICTS` ENABLE KEYS */;
UNLOCK TABLES;

--
-- Table structure for table `FORMS`
--

DROP TABLE IF EXISTS `FORMS`;
/*!40101 SET @saved_cs_client     = @@character_set_client */;
/*!40101 SET character_set_client = utf8 */;
CREATE TABLE `FORMS` (
  `ID` bigint(20) NOT NULL AUTO_INCREMENT,
  `CREATED_AT` datetime NOT NULL,
  `CREATED_BY` bigint(20) NOT NULL,
  `LIFE_CYCLE_STATUS` varchar(100) NOT NULL,
  `UPDATED_AT` datetime DEFAULT NULL,
  `UPDATED_BY` bigint(20) DEFAULT NULL,
  `CODE` varchar(50) NOT NULL,
  `DESCRIPTION` varchar(255) NOT NULL,
  `NAME` varchar(150) NOT NULL,
  `PROGRAMMATIC_AREA_ID` bigint(20) NOT NULL,
  PRIMARY KEY (`ID`),
  UNIQUE KEY `UK_jy18kqb3mfw4fqhub2skebd72` (`CODE`),
  KEY `FK_2vshqrp7tdm59cuwkxdmp2iuo` (`PROGRAMMATIC_AREA_ID`),
  CONSTRAINT `FK_2vshqrp7tdm59cuwkxdmp2iuo` FOREIGN KEY (`PROGRAMMATIC_AREA_ID`) REFERENCES `PROGRAMMATIC_AREAS` (`ID`)
) ENGINE=InnoDB AUTO_INCREMENT=8 DEFAULT CHARSET=latin1;
/*!40101 SET character_set_client = @saved_cs_client */;

--
-- Dumping data for table `FORMS`
--

LOCK TABLES `FORMS` WRITE;
/*!40000 ALTER TABLE `FORMS` DISABLE KEYS */;
INSERT INTO `FORMS` VALUES (1,'2016-09-27 11:02:57',1,'ACTIVE','2016-09-27 11:10:38',1,'MT00000001','NA','Seguimento',1),(2,'2016-09-27 11:05:11',1,'ACTIVE',NULL,NULL,'MT00000002','NA','OpenMRS',1),(3,'2016-09-27 11:09:18',1,'ACTIVE',NULL,NULL,'MT00000003','N/A','Ficha de Pacientes Faltosos',1),(4,'2016-09-27 11:11:18',1,'ACTIVE',NULL,NULL,'MT00000004','N/A','Prescrição de Medicamentos',1),(5,'2016-09-27 11:14:00',1,'ACTIVE',NULL,NULL,'MT00000005','N/A','Ficha de Utilização de Commcare',1),(6,'2016-09-27 11:15:09',1,'ACTIVE',NULL,NULL,'MT00000006','N/A','Ficha de Preenchimento do Fila',1),(7,'2016-09-28 10:47:31',1,'ACTIVE','2016-09-28 11:09:43',1,'MT00000007','NA','Formularios ATIU',1);
/*!40000 ALTER TABLE `FORMS` ENABLE KEYS */;
UNLOCK TABLES;

--
-- Table structure for table `FORMS_QUESTIONS`
--

DROP TABLE IF EXISTS `FORMS_QUESTIONS`;
/*!40101 SET @saved_cs_client     = @@character_set_client */;
/*!40101 SET character_set_client = utf8 */;
CREATE TABLE `FORMS_QUESTIONS` (
  `ID` bigint(20) NOT NULL AUTO_INCREMENT,
  `CREATED_AT` datetime NOT NULL,
  `CREATED_BY` bigint(20) NOT NULL,
  `LIFE_CYCLE_STATUS` varchar(100) NOT NULL,
  `UPDATED_AT` datetime DEFAULT NULL,
  `UPDATED_BY` bigint(20) DEFAULT NULL,
  `MANDATORY` bit(1) NOT NULL,
  `FORM_ID` bigint(20) NOT NULL,
  `QUESTION_ID` bigint(20) NOT NULL,
  PRIMARY KEY (`ID`),
  UNIQUE KEY `UK_5gfa1ao9vc4nymq9182408ig4` (`FORM_ID`,`QUESTION_ID`),
  KEY `FK_65y4ka36d6ei0qvtiwq1u0ssk` (`QUESTION_ID`),
  CONSTRAINT `FK_65y4ka36d6ei0qvtiwq1u0ssk` FOREIGN KEY (`QUESTION_ID`) REFERENCES `QUESTIONS` (`ID`),
  CONSTRAINT `FK_jva7738ctlcw665qamwx4is9j` FOREIGN KEY (`FORM_ID`) REFERENCES `FORMS` (`ID`)
) ENGINE=InnoDB AUTO_INCREMENT=15 DEFAULT CHARSET=latin1;
/*!40101 SET character_set_client = @saved_cs_client */;

--
-- Dumping data for table `FORMS_QUESTIONS`
--

LOCK TABLES `FORMS_QUESTIONS` WRITE;
/*!40000 ALTER TABLE `FORMS_QUESTIONS` DISABLE KEYS */;
INSERT INTO `FORMS_QUESTIONS` VALUES (1,'2016-09-27 11:02:57',1,'ACTIVE','2016-09-27 11:10:38',1,'\0',1,2),(2,'2016-09-27 11:02:57',1,'ACTIVE','2016-09-27 11:10:38',1,'\0',1,1),(3,'2016-09-27 11:05:11',1,'ACTIVE',NULL,NULL,'\0',2,2),(4,'2016-09-27 11:05:11',1,'ACTIVE',NULL,NULL,'\0',2,1),(5,'2016-09-27 11:09:18',1,'ACTIVE',NULL,NULL,'\0',3,2),(6,'2016-09-27 11:09:18',1,'ACTIVE',NULL,NULL,'\0',3,1),(7,'2016-09-27 11:11:18',1,'ACTIVE',NULL,NULL,'\0',4,2),(8,'2016-09-27 11:11:18',1,'ACTIVE',NULL,NULL,'\0',4,1),(9,'2016-09-27 11:14:00',1,'ACTIVE',NULL,NULL,'\0',5,2),(10,'2016-09-27 11:14:00',1,'ACTIVE',NULL,NULL,'\0',5,1),(11,'2016-09-27 11:15:09',1,'ACTIVE',NULL,NULL,'\0',6,2),(12,'2016-09-27 11:15:09',1,'ACTIVE',NULL,NULL,'\0',6,1),(13,'2016-09-28 10:47:31',1,'ACTIVE','2016-09-28 11:09:43',1,'\0',7,3),(14,'2016-09-28 11:09:43',1,'ACTIVE',NULL,NULL,'\0',7,2);
/*!40000 ALTER TABLE `FORMS_QUESTIONS` ENABLE KEYS */;
UNLOCK TABLES;

--
-- Table structure for table `HEALTH_FACILITIES`
--

DROP TABLE IF EXISTS `HEALTH_FACILITIES`;
/*!40101 SET @saved_cs_client     = @@character_set_client */;
/*!40101 SET character_set_client = utf8 */;
CREATE TABLE `HEALTH_FACILITIES` (
  `ID` bigint(20) NOT NULL AUTO_INCREMENT,
  `CREATED_AT` datetime NOT NULL,
  `CREATED_BY` bigint(20) NOT NULL,
  `LIFE_CYCLE_STATUS` varchar(100) NOT NULL,
  `UPDATED_AT` datetime DEFAULT NULL,
  `UPDATED_BY` bigint(20) DEFAULT NULL,
  `HEALTH_FACILITY` varchar(80) NOT NULL,
  `DISTRICT_ID` bigint(20) NOT NULL,
  PRIMARY KEY (`ID`),
  KEY `FK_kw7nq3kpv3uvclaxlw24wqfg2` (`DISTRICT_ID`),
  CONSTRAINT `FK_kw7nq3kpv3uvclaxlw24wqfg2` FOREIGN KEY (`DISTRICT_ID`) REFERENCES `DISTRICTS` (`ID`)
) ENGINE=InnoDB AUTO_INCREMENT=115 DEFAULT CHARSET=latin1;
/*!40101 SET character_set_client = @saved_cs_client */;

--
-- Dumping data for table `HEALTH_FACILITIES`
--

LOCK TABLES `HEALTH_FACILITIES` WRITE;
/*!40000 ALTER TABLE `HEALTH_FACILITIES` DISABLE KEYS */;
INSERT INTO `HEALTH_FACILITIES` VALUES (1,'2016-09-27 10:51:23',1,'ACTIVE',NULL,NULL,'CS B.Gruveta',1),(2,'2016-09-27 10:51:23',1,'ACTIVE',NULL,NULL,'CS Caiaia',1),(3,'2016-09-27 10:51:23',1,'ACTIVE',NULL,NULL,'CS Chapala',1),(4,'2016-09-27 10:51:23',1,'ACTIVE',NULL,NULL,'CS Cololo',1),(5,'2016-09-27 10:51:23',1,'ACTIVE',NULL,NULL,'CS Ecole',1),(6,'2016-09-27 10:51:23',1,'ACTIVE',NULL,NULL,'CS Malua',1),(7,'2016-09-27 10:51:23',1,'ACTIVE',NULL,NULL,'CS Moiua',1),(8,'2016-09-27 10:51:23',1,'ACTIVE',NULL,NULL,'CS Mugema',1),(9,'2016-09-27 10:51:23',1,'ACTIVE',NULL,NULL,'CS Mutala',1),(10,'2016-09-27 10:51:23',1,'ACTIVE',NULL,NULL,'CS Nacuacua',1),(11,'2016-09-27 10:51:23',1,'ACTIVE',NULL,NULL,'CS Nauela',1),(12,'2016-09-27 10:51:23',1,'ACTIVE',NULL,NULL,'CS Nimala',1),(13,'2016-09-27 10:51:23',1,'ACTIVE',NULL,NULL,'CS Nivava',1),(14,'2016-09-27 10:51:23',1,'ACTIVE',NULL,NULL,'CS Novanana',1),(15,'2016-09-27 10:51:23',1,'ACTIVE',NULL,NULL,'HR Alto Molocué',1),(16,'2016-09-27 10:51:23',1,'ACTIVE',NULL,NULL,'CS Chinde',2),(17,'2016-09-27 10:51:23',1,'ACTIVE',NULL,NULL,'CS Jorge',2),(18,'2016-09-27 10:51:23',1,'ACTIVE',NULL,NULL,'CS Madal',2),(19,'2016-09-27 10:51:23',1,'ACTIVE',NULL,NULL,'CS Matilde',2),(20,'2016-09-27 10:51:23',1,'ACTIVE',NULL,NULL,'CS Micaune',2),(21,'2016-09-27 10:51:23',1,'ACTIVE',NULL,NULL,'CS Derre',3),(22,'2016-09-27 10:51:23',1,'ACTIVE',NULL,NULL,'CS Guerissa',3),(23,'2016-09-27 10:51:23',1,'ACTIVE',NULL,NULL,'CS Machindo',3),(24,'2016-09-27 10:51:23',1,'ACTIVE',NULL,NULL,'CS Alto Ligonha',4),(25,'2016-09-27 10:51:23',1,'ACTIVE',NULL,NULL,'CS Kaiane',4),(26,'2016-09-27 10:51:23',1,'ACTIVE',NULL,NULL,'CS Mamala',4),(27,'2016-09-27 10:51:23',1,'ACTIVE',NULL,NULL,'CS Moneia',4),(28,'2016-09-27 10:51:23',1,'ACTIVE',NULL,NULL,'CS Muiane',4),(29,'2016-09-27 10:51:23',1,'ACTIVE',NULL,NULL,'CS Namuaca',4),(30,'2016-09-27 10:51:23',1,'ACTIVE',NULL,NULL,'CS Pury',4),(31,'2016-09-27 10:51:23',1,'ACTIVE',NULL,NULL,'CS Uape',4),(32,'2016-09-27 10:51:23',1,'ACTIVE',NULL,NULL,'HD Gilé',4),(33,'2016-09-27 10:51:23',1,'ACTIVE',NULL,NULL,'CS Ile',5),(34,'2016-09-27 10:51:23',1,'ACTIVE',NULL,NULL,'CS Mugulama',5),(35,'2016-09-27 10:51:23',1,'ACTIVE',NULL,NULL,'CS Mulequela',5),(36,'2016-09-27 10:51:23',1,'ACTIVE',NULL,NULL,'CS Niboia',5),(37,'2016-09-27 10:51:23',1,'ACTIVE',NULL,NULL,'CS Socone',5),(38,'2016-09-27 10:51:23',1,'ACTIVE',NULL,NULL,'CS Bingagira',6),(39,'2016-09-27 10:51:23',1,'ACTIVE',NULL,NULL,'CS Cherimane',6),(40,'2016-09-27 10:51:23',1,'ACTIVE',NULL,NULL,'CS Gonhane',6),(41,'2016-09-27 10:51:23',1,'ACTIVE',NULL,NULL,'CS Ilova',6),(42,'2016-09-27 10:51:23',1,'ACTIVE',NULL,NULL,'CS Inhassunge',6),(43,'2016-09-27 10:51:23',1,'ACTIVE',NULL,NULL,'CS Olinda',6),(44,'2016-09-27 10:51:23',1,'ACTIVE',NULL,NULL,'CS Palane-Mucula',6),(45,'2016-09-27 10:51:23',1,'ACTIVE',NULL,NULL,'CS Ilha Salía',7),(46,'2016-09-27 10:51:23',1,'ACTIVE',NULL,NULL,'CS Luabo',7),(47,'2016-09-27 10:51:23',1,'ACTIVE',NULL,NULL,'CS Marcação',7),(48,'2016-09-27 10:51:23',1,'ACTIVE',NULL,NULL,'CS Socovinho',7),(49,'2016-09-27 10:51:23',1,'ACTIVE',NULL,NULL,'CS Alto Mutola',8),(50,'2016-09-27 10:51:23',1,'ACTIVE',NULL,NULL,'CS Cabuir',8),(51,'2016-09-27 10:51:23',1,'ACTIVE',NULL,NULL,'CS Cariua',8),(52,'2016-09-27 10:51:23',1,'ACTIVE',NULL,NULL,'CS Mabala',8),(53,'2016-09-27 10:51:23',1,'ACTIVE',NULL,NULL,'CS Maganja da Costa',8),(54,'2016-09-27 10:51:23',1,'ACTIVE',NULL,NULL,'CS Mapira',8),(55,'2016-09-27 10:51:23',1,'ACTIVE',NULL,NULL,'CS Muzo',8),(56,'2016-09-27 10:51:23',1,'ACTIVE',NULL,NULL,'CS Nante',8),(57,'2016-09-27 10:51:23',1,'ACTIVE',NULL,NULL,'CS Gurai',9),(58,'2016-09-27 10:51:23',1,'ACTIVE',NULL,NULL,'CS Maneia',9),(59,'2016-09-27 10:51:23',1,'ACTIVE',NULL,NULL,'CS Missal',9),(60,'2016-09-27 10:51:23',1,'ACTIVE',NULL,NULL,'CS Mocubela',9),(61,'2016-09-27 10:51:23',1,'ACTIVE',NULL,NULL,'CS Naico',9),(62,'2016-09-27 10:51:23',1,'ACTIVE',NULL,NULL,'CS Tapata',9),(63,'2016-09-27 10:51:23',1,'ACTIVE',NULL,NULL,'CS Catale',10),(64,'2016-09-27 10:51:23',1,'ACTIVE',NULL,NULL,'CS Chimuara',10),(65,'2016-09-27 10:51:23',1,'ACTIVE',NULL,NULL,'CS Gulamo',10),(66,'2016-09-27 10:51:23',1,'ACTIVE',NULL,NULL,'CS Lua-Lua',10),(67,'2016-09-27 10:51:23',1,'ACTIVE',NULL,NULL,'CS Mopeia',10),(68,'2016-09-27 10:51:23',1,'ACTIVE',NULL,NULL,'CS Noere',10),(69,'2016-09-27 10:51:23',1,'ACTIVE',NULL,NULL,'CS Nzanza',10),(70,'2016-09-27 10:51:23',1,'ACTIVE',NULL,NULL,'CS Posto Campo',10),(71,'2016-09-27 10:51:23',1,'ACTIVE',NULL,NULL,'CS Balicholo',11),(72,'2016-09-27 10:51:23',1,'ACTIVE',NULL,NULL,'CS Boroma',11),(73,'2016-09-27 10:51:23',1,'ACTIVE',NULL,NULL,'CS Chilomo',11),(74,'2016-09-27 10:51:23',1,'ACTIVE',NULL,NULL,'CS Chire',11),(75,'2016-09-27 10:51:23',1,'ACTIVE',NULL,NULL,'CS Cumbapo',11),(76,'2016-09-27 10:51:23',1,'ACTIVE',NULL,NULL,'CS Djasse',11),(77,'2016-09-27 10:51:23',1,'ACTIVE',NULL,NULL,'CS Fabrica',11),(78,'2016-09-27 10:51:23',1,'ACTIVE',NULL,NULL,'CS Gaute',11),(79,'2016-09-27 10:51:23',1,'ACTIVE',NULL,NULL,'CS Goro',11),(80,'2016-09-27 10:51:23',1,'ACTIVE',NULL,NULL,'CS Mecaula',11),(81,'2016-09-27 10:51:23',1,'ACTIVE',NULL,NULL,'CS Megaza',11),(82,'2016-09-27 10:51:23',1,'ACTIVE',NULL,NULL,'CS Mepinha',11),(83,'2016-09-27 10:51:23',1,'ACTIVE',NULL,NULL,'CS Muandiua',11),(84,'2016-09-27 10:51:23',1,'ACTIVE',NULL,NULL,'CS Muera',11),(85,'2016-09-27 10:51:23',1,'ACTIVE',NULL,NULL,'CS Mureremba',11),(86,'2016-09-27 10:51:23',1,'ACTIVE',NULL,NULL,'CS Pinda',11),(87,'2016-09-27 10:51:23',1,'ACTIVE',NULL,NULL,'CS Reis',11),(88,'2016-09-27 10:51:23',1,'ACTIVE',NULL,NULL,'CS Sabe',11),(89,'2016-09-27 10:51:23',1,'ACTIVE',NULL,NULL,'HR Morrumbala',11),(90,'2016-09-27 10:51:23',1,'ACTIVE',NULL,NULL,'CS Chiraco',12),(91,'2016-09-27 10:51:23',1,'ACTIVE',NULL,NULL,'CS Mulevala',12),(92,'2016-09-27 10:51:23',1,'ACTIVE',NULL,NULL,'CS Tebo',12),(93,'2016-09-27 10:51:23',1,'ACTIVE',NULL,NULL,'CS Furquia',13),(94,'2016-09-27 10:51:23',1,'ACTIVE',NULL,NULL,'CS Macuse',13),(95,'2016-09-27 10:51:23',1,'ACTIVE',NULL,NULL,'CS Malei',13),(96,'2016-09-27 10:51:23',1,'ACTIVE',NULL,NULL,'CS Mbaua',13),(97,'2016-09-27 10:51:23',1,'ACTIVE',NULL,NULL,'CS Mixixine',13),(98,'2016-09-27 10:51:23',1,'ACTIVE',NULL,NULL,'CS Muceliua',13),(99,'2016-09-27 10:51:23',1,'ACTIVE',NULL,NULL,'CS Muebele',13),(100,'2016-09-27 10:51:23',1,'ACTIVE',NULL,NULL,'CS Mugubia',13),(101,'2016-09-27 10:51:23',1,'ACTIVE',NULL,NULL,'CS Namacurra',13),(102,'2016-09-27 10:51:23',1,'ACTIVE',NULL,NULL,'CS 7 Abril',14),(103,'2016-09-27 10:51:23',1,'ACTIVE',NULL,NULL,'CS Alto Maganha',14),(104,'2016-09-27 10:51:23',1,'ACTIVE',NULL,NULL,'CS Impaca',14),(105,'2016-09-27 10:51:23',1,'ACTIVE',NULL,NULL,'CS Magiga',14),(106,'2016-09-27 10:51:23',1,'ACTIVE',NULL,NULL,'CS Malema',14),(107,'2016-09-27 10:51:23',1,'ACTIVE',NULL,NULL,'CS Mihecue',14),(108,'2016-09-27 10:51:23',1,'ACTIVE',NULL,NULL,'CS Mulela',14),(109,'2016-09-27 10:51:23',1,'ACTIVE',NULL,NULL,'CS Muligode',14),(110,'2016-09-27 10:51:23',1,'ACTIVE',NULL,NULL,'CS Naburi',14),(111,'2016-09-27 10:51:23',1,'ACTIVE',NULL,NULL,'CS Pebane',14),(112,'2016-09-27 10:51:23',1,'ACTIVE',NULL,NULL,'CS Pele-Pele',14),(113,'2016-09-27 10:51:23',1,'ACTIVE',NULL,NULL,'CS Tomea',14),(114,'2016-09-27 10:51:23',1,'ACTIVE',NULL,NULL,'CS Txalalane',14);
/*!40000 ALTER TABLE `HEALTH_FACILITIES` ENABLE KEYS */;
UNLOCK TABLES;

--
-- Table structure for table `MENTORSHIPS`
--

DROP TABLE IF EXISTS `MENTORSHIPS`;
/*!40101 SET @saved_cs_client     = @@character_set_client */;
/*!40101 SET character_set_client = utf8 */;
CREATE TABLE `MENTORSHIPS` (
  `ID` bigint(20) NOT NULL AUTO_INCREMENT,
  `CREATED_AT` datetime NOT NULL,
  `CREATED_BY` bigint(20) NOT NULL,
  `LIFE_CYCLE_STATUS` varchar(100) NOT NULL,
  `UPDATED_AT` datetime DEFAULT NULL,
  `UPDATED_BY` bigint(20) DEFAULT NULL,
  `CODE` varchar(50) NOT NULL,
  `END_DATE` datetime NOT NULL,
  `START_DATE` datetime NOT NULL,
  `FORM_ID` bigint(20) NOT NULL,
  `HEALTH_FACILITY` bigint(20) NOT NULL,
  `TUTOR_ID` bigint(20) NOT NULL,
  `TUTORED_ID` bigint(20) NOT NULL,
  PRIMARY KEY (`ID`),
  UNIQUE KEY `UK_48bivb6gk85g6ja4m5b2ei8qk` (`CODE`),
  KEY `FK_4cc8ppcsw1shrfhfemrn5fc99` (`FORM_ID`),
  KEY `FK_bvd7qvkjc8oy675bf6yv6jud3` (`HEALTH_FACILITY`),
  KEY `FK_9nef3tncy87ucx3ea0mqy44bs` (`TUTOR_ID`),
  KEY `FK_nyxrqojuhntn8ruyjbjmgmp8n` (`TUTORED_ID`),
  CONSTRAINT `FK_4cc8ppcsw1shrfhfemrn5fc99` FOREIGN KEY (`FORM_ID`) REFERENCES `FORMS` (`ID`),
  CONSTRAINT `FK_9nef3tncy87ucx3ea0mqy44bs` FOREIGN KEY (`TUTOR_ID`) REFERENCES `TUTORS` (`ID`),
  CONSTRAINT `FK_bvd7qvkjc8oy675bf6yv6jud3` FOREIGN KEY (`HEALTH_FACILITY`) REFERENCES `HEALTH_FACILITIES` (`ID`),
  CONSTRAINT `FK_nyxrqojuhntn8ruyjbjmgmp8n` FOREIGN KEY (`TUTORED_ID`) REFERENCES `TUTOREDS` (`ID`)
) ENGINE=InnoDB AUTO_INCREMENT=4 DEFAULT CHARSET=latin1;
/*!40101 SET character_set_client = @saved_cs_client */;

--
-- Dumping data for table `MENTORSHIPS`
--

LOCK TABLES `MENTORSHIPS` WRITE;
/*!40000 ALTER TABLE `MENTORSHIPS` DISABLE KEYS */;
INSERT INTO `MENTORSHIPS` VALUES (1,'2016-09-27 11:16:26',1,'ACTIVE',NULL,NULL,'MT00000001','2016-09-02 11:16:26','2016-09-02 11:15:36',1,1,1,1),(2,'2016-09-28 10:50:28',1,'ACTIVE',NULL,NULL,'MT00000002','2016-09-03 10:50:28','2016-09-03 10:49:29',6,94,2,2),(3,'2016-10-26 18:02:21',1,'ACTIVE',NULL,NULL,'MT00000003','2016-10-03 18:02:20','2016-10-03 18:01:30',1,2,1,1);
/*!40000 ALTER TABLE `MENTORSHIPS` ENABLE KEYS */;
UNLOCK TABLES;

--
-- Table structure for table `PROGRAMMATIC_AREAS`
--

DROP TABLE IF EXISTS `PROGRAMMATIC_AREAS`;
/*!40101 SET @saved_cs_client     = @@character_set_client */;
/*!40101 SET character_set_client = utf8 */;
CREATE TABLE `PROGRAMMATIC_AREAS` (
  `ID` bigint(20) NOT NULL AUTO_INCREMENT,
  `CREATED_AT` datetime NOT NULL,
  `CREATED_BY` bigint(20) NOT NULL,
  `LIFE_CYCLE_STATUS` varchar(100) NOT NULL,
  `UPDATED_AT` datetime DEFAULT NULL,
  `UPDATED_BY` bigint(20) DEFAULT NULL,
  `CODE` varchar(50) NOT NULL,
  `DESCRIPTION` varchar(255) DEFAULT NULL,
  `NAME` varchar(100) NOT NULL,
  PRIMARY KEY (`ID`),
  UNIQUE KEY `UK_k5cgvh7u59596rnxos9wd4wjl` (`CODE`)
) ENGINE=InnoDB AUTO_INCREMENT=3 DEFAULT CHARSET=latin1;
/*!40101 SET character_set_client = @saved_cs_client */;

--
-- Dumping data for table `PROGRAMMATIC_AREAS`
--

LOCK TABLES `PROGRAMMATIC_AREAS` WRITE;
/*!40000 ALTER TABLE `PROGRAMMATIC_AREAS` DISABLE KEYS */;
INSERT INTO `PROGRAMMATIC_AREAS` VALUES (1,'2016-09-27 11:01:32',1,'ACTIVE',NULL,NULL,'MT00000001','Departamento de Monitoria e Avaliação','M&A'),(2,'2016-09-28 10:44:46',1,'ACTIVE',NULL,NULL,'MT00000002','N/A','Laboratorio');
/*!40000 ALTER TABLE `PROGRAMMATIC_AREAS` ENABLE KEYS */;
UNLOCK TABLES;

--
-- Table structure for table `QUESTIONS`
--

DROP TABLE IF EXISTS `QUESTIONS`;
/*!40101 SET @saved_cs_client     = @@character_set_client */;
/*!40101 SET character_set_client = utf8 */;
CREATE TABLE `QUESTIONS` (
  `ID` bigint(20) NOT NULL AUTO_INCREMENT,
  `CREATED_AT` datetime NOT NULL,
  `CREATED_BY` bigint(20) NOT NULL,
  `LIFE_CYCLE_STATUS` varchar(100) NOT NULL,
  `UPDATED_AT` datetime DEFAULT NULL,
  `UPDATED_BY` bigint(20) DEFAULT NULL,
  `CODE` varchar(50) NOT NULL,
  `QUESTION` varchar(255) NOT NULL,
  `QUESTION_CATEGORY` varchar(50) NOT NULL,
  `QUESTION_TYPE` varchar(50) NOT NULL,
  PRIMARY KEY (`ID`),
  UNIQUE KEY `UK_p51wl254sfjbleebgfc8rxyly` (`CODE`)
) ENGINE=InnoDB AUTO_INCREMENT=4 DEFAULT CHARSET=latin1;
/*!40101 SET character_set_client = @saved_cs_client */;

--
-- Dumping data for table `QUESTIONS`
--

LOCK TABLES `QUESTIONS` WRITE;
/*!40000 ALTER TABLE `QUESTIONS` DISABLE KEYS */;
INSERT INTO `QUESTIONS` VALUES (1,'2016-09-27 11:01:59',1,'ACTIVE',NULL,NULL,'MT00000001','COMO PREENCHE O FILA','PRECISION','TEXT'),(2,'2016-09-27 11:02:22',1,'ACTIVE',NULL,NULL,'MT00000002','COMO PREENCHE A FICHA DE SEGUIMENTO','ACCURACY','TEXT'),(3,'2016-09-28 10:46:27',1,'ACTIVE',NULL,NULL,'MT00000003','Comparar os dados RM com os registos diários','ACCURACY','TEXT');
/*!40000 ALTER TABLE `QUESTIONS` ENABLE KEYS */;
UNLOCK TABLES;

--
-- Table structure for table `TUTOREDS`
--

DROP TABLE IF EXISTS `TUTOREDS`;
/*!40101 SET @saved_cs_client     = @@character_set_client */;
/*!40101 SET character_set_client = utf8 */;
CREATE TABLE `TUTOREDS` (
  `ID` bigint(20) NOT NULL AUTO_INCREMENT,
  `CREATED_AT` datetime NOT NULL,
  `CREATED_BY` bigint(20) NOT NULL,
  `LIFE_CYCLE_STATUS` varchar(100) NOT NULL,
  `UPDATED_AT` datetime DEFAULT NULL,
  `UPDATED_BY` bigint(20) DEFAULT NULL,
  `CODE` varchar(50) NOT NULL,
  `NAME` varchar(50) NOT NULL,
  `PHONE_NUMBER` varchar(100) NOT NULL,
  `SURNAME` varchar(50) NOT NULL,
  `CARRER_ID` bigint(20) NOT NULL,
  PRIMARY KEY (`ID`),
  UNIQUE KEY `UK_mmelsbvnb2fictgbf7lkomugl` (`CODE`),
  KEY `FK_allb4qoaputbxbex26qhgt6g1` (`CARRER_ID`),
  CONSTRAINT `FK_allb4qoaputbxbex26qhgt6g1` FOREIGN KEY (`CARRER_ID`) REFERENCES `CARRERS` (`ID`)
) ENGINE=InnoDB AUTO_INCREMENT=3 DEFAULT CHARSET=latin1;
/*!40101 SET character_set_client = @saved_cs_client */;

--
-- Dumping data for table `TUTOREDS`
--

LOCK TABLES `TUTOREDS` WRITE;
/*!40000 ALTER TABLE `TUTOREDS` DISABLE KEYS */;
INSERT INTO `TUTOREDS` VALUES (1,'2016-09-27 11:01:04',1,'ACTIVE',NULL,NULL,'MT00000001','Alima Mussa','+25825776680','Taquidir',61),(2,'2016-09-28 10:44:11',1,'ACTIVE',NULL,NULL,'MT00000002','Stelio','+258822546100','Moiane',2);
/*!40000 ALTER TABLE `TUTOREDS` ENABLE KEYS */;
UNLOCK TABLES;

--
-- Table structure for table `TUTORS`
--

DROP TABLE IF EXISTS `TUTORS`;
/*!40101 SET @saved_cs_client     = @@character_set_client */;
/*!40101 SET character_set_client = utf8 */;
CREATE TABLE `TUTORS` (
  `ID` bigint(20) NOT NULL AUTO_INCREMENT,
  `CREATED_AT` datetime NOT NULL,
  `CREATED_BY` bigint(20) NOT NULL,
  `LIFE_CYCLE_STATUS` varchar(100) NOT NULL,
  `UPDATED_AT` datetime DEFAULT NULL,
  `UPDATED_BY` bigint(20) DEFAULT NULL,
  `CODE` varchar(50) NOT NULL,
  `NAME` varchar(50) NOT NULL,
  `PHONE_NUMBER` varchar(50) NOT NULL,
  `SURNAME` varchar(50) NOT NULL,
  `CARRER_ID` bigint(20) NOT NULL,
  PRIMARY KEY (`ID`),
  UNIQUE KEY `UK_hsstv4qfr1tne50hemswa9okw` (`CODE`),
  KEY `FK_e1hyoncgd4kv7kin3t7k352dj` (`CARRER_ID`),
  CONSTRAINT `FK_e1hyoncgd4kv7kin3t7k352dj` FOREIGN KEY (`CARRER_ID`) REFERENCES `CARRERS` (`ID`)
) ENGINE=InnoDB AUTO_INCREMENT=3 DEFAULT CHARSET=latin1;
/*!40101 SET character_set_client = @saved_cs_client */;

--
-- Dumping data for table `TUTORS`
--

LOCK TABLES `TUTORS` WRITE;
/*!40000 ALTER TABLE `TUTORS` DISABLE KEYS */;
INSERT INTO `TUTORS` VALUES (1,'2016-09-27 11:00:32',1,'ACTIVE',NULL,NULL,'MT00000001','Stelio','+258822546100','Moiane',2),(2,'2016-09-28 10:40:45',1,'ACTIVE',NULL,NULL,'MT00000002','Fernanda','+258822546100','Alvim',70);
/*!40000 ALTER TABLE `TUTORS` ENABLE KEYS */;
UNLOCK TABLES;

--
-- Table structure for table `schema_version`
--

DROP TABLE IF EXISTS `schema_version`;
/*!40101 SET @saved_cs_client     = @@character_set_client */;
/*!40101 SET character_set_client = utf8 */;
CREATE TABLE `schema_version` (
  `version_rank` int(11) NOT NULL,
  `installed_rank` int(11) NOT NULL,
  `version` varchar(50) NOT NULL,
  `description` varchar(200) NOT NULL,
  `type` varchar(20) NOT NULL,
  `script` varchar(1000) NOT NULL,
  `checksum` int(11) DEFAULT NULL,
  `installed_by` varchar(100) NOT NULL,
  `installed_on` timestamp NOT NULL DEFAULT CURRENT_TIMESTAMP,
  `execution_time` int(11) NOT NULL,
  `success` tinyint(1) NOT NULL,
  PRIMARY KEY (`version`),
  KEY `schema_version_vr_idx` (`version_rank`),
  KEY `schema_version_ir_idx` (`installed_rank`),
  KEY `schema_version_s_idx` (`success`)
) ENGINE=InnoDB DEFAULT CHARSET=latin1;
/*!40101 SET character_set_client = @saved_cs_client */;

--
-- Dumping data for table `schema_version`
--

LOCK TABLES `schema_version` WRITE;
/*!40000 ALTER TABLE `schema_version` DISABLE KEYS */;
INSERT INTO `schema_version` VALUES (1,1,'1','<< Flyway Baseline >>','BASELINE','<< Flyway Baseline >>',NULL,'root','2016-09-27 08:50:13',0,1),(2,2,'2','Tables Creation','SQL','V2__Tables_Creation.sql',1359861584,'root','2016-09-27 08:51:22',13,1),(3,3,'3','Insert Carrers And Locations','SQL','V3__Insert_Carrers_And_Locations.sql',1022963217,'root','2016-09-27 08:51:23',1227,1);
/*!40000 ALTER TABLE `schema_version` ENABLE KEYS */;
UNLOCK TABLES;
/*!40103 SET TIME_ZONE=@OLD_TIME_ZONE */;

/*!40101 SET SQL_MODE=@OLD_SQL_MODE */;
/*!40014 SET FOREIGN_KEY_CHECKS=@OLD_FOREIGN_KEY_CHECKS */;
/*!40014 SET UNIQUE_CHECKS=@OLD_UNIQUE_CHECKS */;
/*!40101 SET CHARACTER_SET_CLIENT=@OLD_CHARACTER_SET_CLIENT */;
/*!40101 SET CHARACTER_SET_RESULTS=@OLD_CHARACTER_SET_RESULTS */;
/*!40101 SET COLLATION_CONNECTION=@OLD_COLLATION_CONNECTION */;
/*!40111 SET SQL_NOTES=@OLD_SQL_NOTES */;

-- Dump completed on 2016-11-01 15:35:50
